-- MySQL dump 10.13  Distrib 8.0.38, for Win64 (x86_64)
--
-- Host: 127.0.0.1    Database: dispositivosinteligentes
-- ------------------------------------------------------
-- Server version	5.5.5-10.4.32-MariaDB

/*!40101 SET @OLD_CHARACTER_SET_CLIENT=@@CHARACTER_SET_CLIENT */;
/*!40101 SET @OLD_CHARACTER_SET_RESULTS=@@CHARACTER_SET_RESULTS */;
/*!40101 SET @OLD_COLLATION_CONNECTION=@@COLLATION_CONNECTION */;
/*!50503 SET NAMES utf8 */;
/*!40103 SET @OLD_TIME_ZONE=@@TIME_ZONE */;
/*!40103 SET TIME_ZONE='+00:00' */;
/*!40014 SET @OLD_UNIQUE_CHECKS=@@UNIQUE_CHECKS, UNIQUE_CHECKS=0 */;
/*!40014 SET @OLD_FOREIGN_KEY_CHECKS=@@FOREIGN_KEY_CHECKS, FOREIGN_KEY_CHECKS=0 */;
/*!40101 SET @OLD_SQL_MODE=@@SQL_MODE, SQL_MODE='NO_AUTO_VALUE_ON_ZERO' */;
/*!40111 SET @OLD_SQL_NOTES=@@SQL_NOTES, SQL_NOTES=0 */;

--
-- Table structure for table `comentario`
--

DROP TABLE IF EXISTS `comentario`;
/*!40101 SET @saved_cs_client     = @@character_set_client */;
/*!50503 SET character_set_client = utf8mb4 */;
CREATE TABLE `comentario` (
  `id_comentario` bigint(20) NOT NULL AUTO_INCREMENT,
  `contenido` varchar(1000) DEFAULT NULL,
  `fecha_comentario` date DEFAULT NULL,
  `id_producto` bigint(20) NOT NULL,
  `id_usuario` bigint(20) NOT NULL,
  PRIMARY KEY (`id_comentario`),
  KEY `FKauvhsib9xfob0t4t0j4ylyt02` (`id_producto`),
  KEY `FK9619kv3mim3a4yl0m5mdhhbh1` (`id_usuario`),
  CONSTRAINT `FK9619kv3mim3a4yl0m5mdhhbh1` FOREIGN KEY (`id_usuario`) REFERENCES `usuario` (`id_usuario`),
  CONSTRAINT `FKauvhsib9xfob0t4t0j4ylyt02` FOREIGN KEY (`id_producto`) REFERENCES `producto` (`id_producto`)
) ENGINE=InnoDB AUTO_INCREMENT=21 DEFAULT CHARSET=utf8mb4 COLLATE=utf8mb4_general_ci;
/*!40101 SET character_set_client = @saved_cs_client */;

--
-- Dumping data for table `comentario`
--

LOCK TABLES `comentario` WRITE;
/*!40000 ALTER TABLE `comentario` DISABLE KEYS */;
INSERT INTO `comentario` VALUES (1,'Muy buen rendimiento para videojuegos, excelente tarjeta gráfica.','2024-09-01',2,2),(2,'La batería dura menos de lo esperado, pero la pantalla es increíble.','2024-09-02',2,3),(3,'El diseño es elegante y ligero, ideal para llevar a todos lados.','2024-09-03',3,4),(4,'Me encantó la calidad de la cámara, fotos nítidas y brillantes.','2024-09-04',4,5),(5,'El mejor teléfono que he tenido, súper rápido y fluido.','2024-09-05',5,6),(6,'Pantalla un poco pequeña, pero muy buen rendimiento general.','2024-09-06',6,7),(7,'Gran relación calidad-precio, me sorprendió la velocidad del sistema.','2024-09-07',7,8),(8,'El teclado no es muy cómodo, pero el rendimiento es sólido.','2024-09-08',8,9),(9,'Lo recomiendo si buscas algo económico y de buena calidad.','2024-09-09',9,10),(10,'Se calienta mucho cuando juegas, pero funciona bien para tareas básicas.','2024-09-10',10,11),(11,'Increíble experiencia de usuario, especialmente para trabajo remoto.','2024-09-11',2,12),(12,'El sonido es excelente, muy envolvente, perfecto para ver películas.','2024-09-12',2,12),(13,'Es muy rápido, pero la pantalla es algo frágil, tuve que comprar una protección.','2024-09-13',3,13),(14,'El rendimiento gráfico es impecable para diseñadores y gamers.','2024-09-14',4,14),(15,'Muy buen producto, pero la cámara podría ser mejor.','2024-09-15',5,13),(16,'Buen precio por las características que ofrece. Muy contento.','2024-09-16',6,15),(17,'No estoy satisfecho con la batería, esperaba más duración.','2024-09-17',7,18),(18,'El equipo es increíble, ligero y potente.','2024-09-18',8,12),(19,'Un dispositivo perfecto para el uso diario, lo recomiendo.','2024-09-19',9,13),(20,'Gran capacidad de almacenamiento, muy útil para quienes trabajamos con muchos archivos.','2024-09-20',10,120);
/*!40000 ALTER TABLE `comentario` ENABLE KEYS */;
UNLOCK TABLES;

--
-- Table structure for table `compra`
--

DROP TABLE IF EXISTS `compra`;
/*!40101 SET @saved_cs_client     = @@character_set_client */;
/*!50503 SET character_set_client = utf8mb4 */;
CREATE TABLE `compra` (
  `id_compra` bigint(20) NOT NULL AUTO_INCREMENT,
  `cantidad` int(11) NOT NULL,
  `fecha_compra` datetime(6) DEFAULT NULL,
  `id_producto` bigint(20) DEFAULT NULL,
  `id_usuario` bigint(20) DEFAULT NULL,
  PRIMARY KEY (`id_compra`),
  KEY `FK7htj802ek8gvec2d1fpl66l1` (`id_producto`),
  KEY `FK7vjgaittxfg45av262pewhxi0` (`id_usuario`),
  CONSTRAINT `FK7htj802ek8gvec2d1fpl66l1` FOREIGN KEY (`id_producto`) REFERENCES `producto` (`id_producto`),
  CONSTRAINT `FK7vjgaittxfg45av262pewhxi0` FOREIGN KEY (`id_usuario`) REFERENCES `usuario` (`id_usuario`)
) ENGINE=InnoDB AUTO_INCREMENT=71 DEFAULT CHARSET=utf8mb4 COLLATE=utf8mb4_general_ci;
/*!40101 SET character_set_client = @saved_cs_client */;

--
-- Dumping data for table `compra`
--

LOCK TABLES `compra` WRITE;
/*!40000 ALTER TABLE `compra` DISABLE KEYS */;
INSERT INTO `compra` VALUES (21,1,'2024-09-01 00:00:00.000000',2,2),(22,2,'2024-09-03 00:00:00.000000',2,3),(23,1,'2024-09-05 00:00:00.000000',3,4),(24,1,'2024-09-06 00:00:00.000000',4,5),(25,3,'2024-09-07 00:00:00.000000',5,6),(26,1,'2024-09-08 00:00:00.000000',6,7),(27,2,'2024-09-09 00:00:00.000000',7,8),(28,1,'2024-09-10 00:00:00.000000',8,8),(29,1,'2024-09-11 00:00:00.000000',9,9),(30,4,'2024-09-12 00:00:00.000000',10,10),(31,1,'2024-09-01 00:00:00.000000',2,2),(32,2,'2024-09-03 00:00:00.000000',2,3),(33,1,'2024-09-05 00:00:00.000000',3,4),(34,1,'2024-09-06 00:00:00.000000',4,5),(35,3,'2024-09-07 00:00:00.000000',5,6),(36,1,'2024-09-08 00:00:00.000000',6,7),(37,2,'2024-09-09 00:00:00.000000',7,8),(38,1,'2024-09-10 00:00:00.000000',8,8),(39,1,'2024-09-11 00:00:00.000000',9,9),(40,4,'2024-09-12 00:00:00.000000',10,10),(41,1,'2024-09-01 00:00:00.000000',2,2),(42,2,'2024-09-03 00:00:00.000000',2,3),(43,1,'2024-09-05 00:00:00.000000',3,4),(44,1,'2024-09-06 00:00:00.000000',4,5),(45,3,'2024-09-07 00:00:00.000000',5,6),(46,1,'2024-09-08 00:00:00.000000',6,7),(47,2,'2024-09-09 00:00:00.000000',7,8),(48,1,'2024-09-10 00:00:00.000000',8,8),(49,1,'2024-09-11 00:00:00.000000',9,9),(50,4,'2024-09-12 00:00:00.000000',10,10),(51,1,'2024-09-01 00:00:00.000000',2,2),(52,2,'2024-09-03 00:00:00.000000',2,3),(53,1,'2024-09-05 00:00:00.000000',3,4),(54,1,'2024-09-06 00:00:00.000000',4,5),(55,3,'2024-09-07 00:00:00.000000',5,6),(56,1,'2024-09-08 00:00:00.000000',6,7),(57,2,'2024-09-09 00:00:00.000000',7,8),(58,1,'2024-09-10 00:00:00.000000',8,8),(59,1,'2024-09-11 00:00:00.000000',9,9),(60,4,'2024-09-12 00:00:00.000000',10,10),(61,1,'2024-09-01 00:00:00.000000',2,2),(62,2,'2024-09-03 00:00:00.000000',2,3),(63,1,'2024-09-05 00:00:00.000000',3,4),(64,1,'2024-09-06 00:00:00.000000',4,5),(65,3,'2024-09-07 00:00:00.000000',5,6),(66,1,'2024-09-08 00:00:00.000000',6,7),(67,2,'2024-09-09 00:00:00.000000',7,8),(68,1,'2024-09-10 00:00:00.000000',8,8),(69,1,'2024-09-11 00:00:00.000000',9,9),(70,4,'2024-09-12 00:00:00.000000',10,10);
/*!40000 ALTER TABLE `compra` ENABLE KEYS */;
UNLOCK TABLES;

--
-- Table structure for table `detalles_producto`
--

DROP TABLE IF EXISTS `detalles_producto`;
/*!40101 SET @saved_cs_client     = @@character_set_client */;
/*!50503 SET character_set_client = utf8mb4 */;
CREATE TABLE `detalles_producto` (
  `id_detalle` bigint(20) NOT NULL AUTO_INCREMENT,
  `caracteristicas` varchar(500) DEFAULT NULL,
  `foto` varchar(255) DEFAULT NULL,
  `titulo` varchar(255) NOT NULL,
  `id_producto` bigint(20) NOT NULL,
  PRIMARY KEY (`id_detalle`),
  KEY `FKi1y7vekj85db0u6tqbgeksvnh` (`id_producto`),
  CONSTRAINT `FKi1y7vekj85db0u6tqbgeksvnh` FOREIGN KEY (`id_producto`) REFERENCES `producto` (`id_producto`)
) ENGINE=InnoDB AUTO_INCREMENT=25 DEFAULT CHARSET=utf8mb4 COLLATE=utf8mb4_general_ci;
/*!40101 SET character_set_client = @saved_cs_client */;

--
-- Dumping data for table `detalles_producto`
--

LOCK TABLES `detalles_producto` WRITE;
/*!40000 ALTER TABLE `detalles_producto` DISABLE KEYS */;
INSERT INTO `detalles_producto` VALUES (13,'Procesador: Intel Core i7, RAM: 16 GB, Almacenamiento: 512 GB SSD, Pantalla: 15.6\" Full HD, Tarjeta Gráfica: NVIDIA GTX 1650, Batería: 8 horas, Sistema Operativo: Windows 11, Peso: 1.8 kg','laptop1.jpg','Laptop Gaming Intel Core i7',2),(14,'Procesador: AMD Ryzen 5, RAM: 8 GB, Almacenamiento: 256 GB SSD, Pantalla: 14\" Full HD, Tarjeta Gráfica: Integrada AMD Radeon, Batería: 10 horas, Sistema Operativo: Windows 10 Pro, Peso: 1.5 kg','laptop2.jpg','Laptop Ultraportátil AMD Ryzen 5',2),(15,'Pantalla: 6.1\" OLED, Procesador: A14 Bionic, Memoria RAM: 4 GB, Almacenamiento: 128 GB, Cámara: 12 MP dual, Batería: 2815 mAh, Sistema Operativo: iOS 14','iphone12.jpg','iPhone 12',3),(16,'Pantalla: 6.7\" Super AMOLED, Procesador: Snapdragon 888, Memoria RAM: 8 GB, Almacenamiento: 256 GB, Cámara: 108 MP, Batería: 5000 mAh, Sistema Operativo: Android 11','galaxyS21.jpg','Samsung Galaxy S21 Ultra',4),(17,'Pantalla: 6.4\" AMOLED, Procesador: Snapdragon 870, Memoria RAM: 6 GB, Almacenamiento: 128 GB, Cámara: 64 MP, Batería: 4500 mAh, Sistema Operativo: Android 12','oneplus9.jpg','OnePlus 9',5),(18,'Pantalla: 5.4\" OLED, Procesador: A14 Bionic, Memoria RAM: 4 GB, Almacenamiento: 64 GB, Cámara: 12 MP dual, Batería: 2227 mAh, Sistema Operativo: iOS 14','iphone12mini.jpg','iPhone 12 Mini',6),(19,'Pantalla: 6.2\" Dynamic AMOLED, Procesador: Exynos 2100, Memoria RAM: 8 GB, Almacenamiento: 256 GB, Cámara: 64 MP, Batería: 4000 mAh, Sistema Operativo: Android 11','galaxyS21.jpg','Samsung Galaxy S21',7),(20,'Procesador: Intel Core i5, RAM: 8 GB, Almacenamiento: 512 GB SSD, Pantalla: 13.3\" Retina, Tarjeta Gráfica: Intel Iris Plus, Batería: 12 horas, Sistema Operativo: macOS Big Sur, Peso: 1.4 kg','macbookAir.jpg','MacBook Air Intel Core i5',8),(21,'Procesador: AMD Ryzen 7, RAM: 16 GB, Almacenamiento: 1 TB SSD, Pantalla: 17.3\" Full HD, Tarjeta Gráfica: NVIDIA RTX 2060, Batería: 6 horas, Sistema Operativo: Windows 11, Peso: 2.4 kg','laptop3.jpg','Laptop de Alto Rendimiento AMD Ryzen 7',9),(22,'Procesador: Intel Core i3, RAM: 4 GB, Almacenamiento: 128 GB SSD, Pantalla: 14\" Full HD, Tarjeta Gráfica: Integrada Intel UHD, Batería: 10 horas, Sistema Operativo: Windows 10 Home, Peso: 1.7 kg','laptop4.jpg','Laptop Básica Intel Core i3',10),(23,'Pantalla: 6.5\" Super AMOLED, Procesador: MediaTek Dimensity 1200, Memoria RAM: 12 GB, Almacenamiento: 256 GB, Cámara: 50 MP, Batería: 4500 mAh, Sistema Operativo: Android 12','xiaomiMi11.jpg','Xiaomi Mi 11',11),(24,'Pantalla: 6.6\" TFT, Procesador: Exynos 850, Memoria RAM: 4 GB, Almacenamiento: 64 GB, Cámara: 48 MP, Batería: 5000 mAh, Sistema Operativo: Android 11','galaxyA21.jpg','Samsung Galaxy A21s',12);
/*!40000 ALTER TABLE `detalles_producto` ENABLE KEYS */;
UNLOCK TABLES;

--
-- Table structure for table `producto`
--

DROP TABLE IF EXISTS `producto`;
/*!40101 SET @saved_cs_client     = @@character_set_client */;
/*!50503 SET character_set_client = utf8mb4 */;
CREATE TABLE `producto` (
  `id_producto` bigint(20) NOT NULL AUTO_INCREMENT,
  `fecha_lanzamiento` datetime(6) DEFAULT NULL,
  `marca` varchar(255) NOT NULL,
  `nombre` varchar(255) NOT NULL,
  `tipo_dispositivos` varchar(255) NOT NULL,
  PRIMARY KEY (`id_producto`)
) ENGINE=InnoDB AUTO_INCREMENT=1002 DEFAULT CHARSET=utf8mb4 COLLATE=utf8mb4_general_ci;
/*!40101 SET character_set_client = @saved_cs_client */;

--
-- Dumping data for table `producto`
--

LOCK TABLES `producto` WRITE;
/*!40000 ALTER TABLE `producto` DISABLE KEYS */;
INSERT INTO `producto` VALUES (2,'2021-10-09 19:00:00.000000','Apple','iPhone 13','Smartphone'),(3,'2021-10-09 19:00:00.000000','Apple','iPhone 13','Smartphone'),(4,'2021-10-09 19:00:00.000000','Apple','iPhone 13','Smartphone'),(5,'2021-10-09 19:00:00.000000','Apple','iPhone 13','Smartphone'),(6,'2021-10-09 19:00:00.000000','Apple','iPhone 13','Smartphone'),(7,'2021-10-09 19:00:00.000000','Apple','iPhone 13','Smartphone'),(8,'2021-10-09 19:00:00.000000','Apple','iPhone 13','Smartphone'),(9,'2021-10-09 19:00:00.000000','Apple','iPhone 13','Smartphone'),(10,'2021-10-09 19:00:00.000000','Apple','iPhone 13','Smartphone'),(11,'2021-10-09 19:00:00.000000','Apple','iPhone 13','Smartphone'),(12,'2021-10-09 19:00:00.000000','Apple','iPhone 13','Smartphone'),(13,'2021-10-09 19:00:00.000000','Apple','iPhone 13','Smartphone'),(14,'2021-10-09 19:00:00.000000','Apple','iPhone 13','Smartphone'),(15,'2021-10-09 19:00:00.000000','Apple','iPhone 13','Smartphone'),(16,'2021-10-09 19:00:00.000000','Apple','iPhone 13','Smartphone'),(17,'2021-10-09 19:00:00.000000','Apple','iPhone 13','Smartphone'),(18,'2021-10-09 19:00:00.000000','Apple','iPhone 13','Smartphone'),(19,'2021-10-09 19:00:00.000000','Apple','iPhone 13','Smartphone'),(20,'2021-10-09 19:00:00.000000','Apple','iPhone 13','Smartphone'),(21,'2021-10-09 19:00:00.000000','Apple','iPhone 13','Smartphone'),(22,'2021-10-09 19:00:00.000000','Apple','iPhone 13','Smartphone'),(23,'2021-10-09 19:00:00.000000','Apple','iPhone 13','Smartphone'),(24,'2021-10-09 19:00:00.000000','Apple','iPhone 13','Smartphone'),(25,'2021-10-09 19:00:00.000000','Apple','iPhone 13','Smartphone'),(26,'2021-10-09 19:00:00.000000','Apple','iPhone 13','Smartphone'),(27,'2021-10-09 19:00:00.000000','Apple','iPhone 13','Smartphone'),(28,'2021-10-09 19:00:00.000000','Apple','iPhone 13','Smartphone'),(29,'2021-10-09 19:00:00.000000','Apple','iPhone 13','Smartphone'),(30,'2021-10-09 19:00:00.000000','Apple','iPhone 13','Smartphone'),(31,'2021-10-09 19:00:00.000000','Apple','iPhone 13','Smartphone'),(32,'2021-10-09 19:00:00.000000','Apple','iPhone 13','Smartphone'),(33,'2021-10-09 19:00:00.000000','Apple','iPhone 13','Smartphone'),(34,'2021-10-09 19:00:00.000000','Apple','iPhone 13','Smartphone'),(35,'2021-10-09 19:00:00.000000','Apple','iPhone 13','Smartphone'),(36,'2021-10-09 19:00:00.000000','Apple','iPhone 13','Smartphone'),(37,'2021-10-09 19:00:00.000000','Apple','iPhone 13','Smartphone'),(38,'2021-10-09 19:00:00.000000','Apple','iPhone 13','Smartphone'),(39,'2021-10-09 19:00:00.000000','Apple','iPhone 13','Smartphone'),(40,'2021-10-09 19:00:00.000000','Apple','iPhone 13','Smartphone'),(41,'2021-10-09 19:00:00.000000','Apple','iPhone 13','Smartphone'),(42,'2021-10-09 19:00:00.000000','Apple','iPhone 13','Smartphone'),(43,'2021-10-09 19:00:00.000000','Apple','iPhone 13','Smartphone'),(44,'2021-10-09 19:00:00.000000','Apple','iPhone 13','Smartphone'),(45,'2021-10-09 19:00:00.000000','Apple','iPhone 13','Smartphone'),(46,'2021-10-09 19:00:00.000000','Apple','iPhone 13','Smartphone'),(47,'2021-10-09 19:00:00.000000','Apple','iPhone 13','Smartphone'),(48,'2021-10-09 19:00:00.000000','Apple','iPhone 13','Smartphone'),(49,'2021-10-09 19:00:00.000000','Apple','iPhone 13','Smartphone'),(50,'2021-10-09 19:00:00.000000','Apple','iPhone 13','Smartphone'),(51,'2021-10-09 19:00:00.000000','Apple','iPhone 13','Smartphone'),(52,'2021-10-09 19:00:00.000000','Apple','iPhone 13','Smartphone'),(53,'2021-10-09 19:00:00.000000','Apple','iPhone 13','Smartphone'),(54,'2021-10-09 19:00:00.000000','Apple','iPhone 13','Smartphone'),(55,'2021-10-09 19:00:00.000000','Apple','iPhone 13','Smartphone'),(56,'2021-10-09 19:00:00.000000','Apple','iPhone 13','Smartphone'),(57,'2021-10-09 19:00:00.000000','Apple','iPhone 13','Smartphone'),(58,'2021-10-09 19:00:00.000000','Apple','iPhone 13','Smartphone'),(59,'2021-10-09 19:00:00.000000','Apple','iPhone 13','Smartphone'),(60,'2021-10-09 19:00:00.000000','Apple','iPhone 13','Smartphone'),(61,'2021-10-09 19:00:00.000000','Apple','iPhone 13','Smartphone'),(62,'2021-10-09 19:00:00.000000','Apple','iPhone 13','Smartphone'),(63,'2021-10-09 19:00:00.000000','Apple','iPhone 13','Smartphone'),(64,'2021-10-09 19:00:00.000000','Apple','iPhone 13','Smartphone'),(65,'2021-10-09 19:00:00.000000','Apple','iPhone 13','Smartphone'),(66,'2021-10-09 19:00:00.000000','Apple','iPhone 13','Smartphone'),(67,'2021-10-09 19:00:00.000000','Apple','iPhone 13','Smartphone'),(68,'2021-10-09 19:00:00.000000','Apple','iPhone 13','Smartphone'),(69,'2021-10-09 19:00:00.000000','Apple','iPhone 13','Smartphone'),(70,'2021-10-09 19:00:00.000000','Apple','iPhone 13','Smartphone'),(71,'2021-10-09 19:00:00.000000','Apple','iPhone 13','Smartphone'),(72,'2021-10-09 19:00:00.000000','Apple','iPhone 13','Smartphone'),(73,'2021-10-09 19:00:00.000000','Apple','iPhone 13','Smartphone'),(74,'2021-10-09 19:00:00.000000','Apple','iPhone 13','Smartphone'),(75,'2021-10-09 19:00:00.000000','Apple','iPhone 13','Smartphone'),(76,'2021-10-09 19:00:00.000000','Apple','iPhone 13','Smartphone'),(77,'2021-10-09 19:00:00.000000','Apple','iPhone 13','Smartphone'),(78,'2021-10-09 19:00:00.000000','Apple','iPhone 13','Smartphone'),(79,'2021-10-09 19:00:00.000000','Apple','iPhone 13','Smartphone'),(80,'2021-10-09 19:00:00.000000','Apple','iPhone 13','Smartphone'),(81,'2021-10-09 19:00:00.000000','Apple','iPhone 13','Smartphone'),(82,'2021-10-09 19:00:00.000000','Apple','iPhone 13','Smartphone'),(83,'2021-10-09 19:00:00.000000','Apple','iPhone 13','Smartphone'),(84,'2021-10-09 19:00:00.000000','Apple','iPhone 13','Smartphone'),(85,'2021-10-09 19:00:00.000000','Apple','iPhone 13','Smartphone'),(86,'2021-10-09 19:00:00.000000','Apple','iPhone 13','Smartphone'),(87,'2021-10-09 19:00:00.000000','Apple','iPhone 13','Smartphone'),(88,'2021-10-09 19:00:00.000000','Apple','iPhone 13','Smartphone'),(89,'2021-10-09 19:00:00.000000','Apple','iPhone 13','Smartphone'),(90,'2021-10-09 19:00:00.000000','Apple','iPhone 13','Smartphone'),(91,'2021-10-09 19:00:00.000000','Apple','iPhone 13','Smartphone'),(92,'2021-10-09 19:00:00.000000','Apple','iPhone 13','Smartphone'),(93,'2021-10-09 19:00:00.000000','Apple','iPhone 13','Smartphone'),(94,'2021-10-09 19:00:00.000000','Apple','iPhone 13','Smartphone'),(95,'2021-10-09 19:00:00.000000','Apple','iPhone 13','Smartphone'),(96,'2021-10-09 19:00:00.000000','Apple','iPhone 13','Smartphone'),(97,'2021-10-09 19:00:00.000000','Apple','iPhone 13','Smartphone'),(98,'2021-10-09 19:00:00.000000','Apple','iPhone 13','Smartphone'),(99,'2021-10-09 19:00:00.000000','Apple','iPhone 13','Smartphone'),(100,'2021-10-09 19:00:00.000000','Apple','iPhone 13','Smartphone'),(101,'2021-10-09 19:00:00.000000','Apple','iPhone 13','Smartphone'),(102,'2021-10-09 19:00:00.000000','Apple','iPhone 13','Smartphone'),(103,'2021-10-09 19:00:00.000000','Apple','iPhone 13','Smartphone'),(104,'2021-10-09 19:00:00.000000','Apple','iPhone 13','Smartphone'),(105,'2021-10-09 19:00:00.000000','Apple','iPhone 13','Smartphone'),(106,'2021-10-09 19:00:00.000000','Apple','iPhone 13','Smartphone'),(107,'2021-10-09 19:00:00.000000','Apple','iPhone 13','Smartphone'),(108,'2021-10-09 19:00:00.000000','Apple','iPhone 13','Smartphone'),(109,'2021-10-09 19:00:00.000000','Apple','iPhone 13','Smartphone'),(110,'2021-10-09 19:00:00.000000','Apple','iPhone 13','Smartphone'),(111,'2021-10-09 19:00:00.000000','Apple','iPhone 13','Smartphone'),(112,'2021-10-09 19:00:00.000000','Apple','iPhone 13','Smartphone'),(113,'2021-10-09 19:00:00.000000','Apple','iPhone 13','Smartphone'),(114,'2021-10-09 19:00:00.000000','Apple','iPhone 13','Smartphone'),(115,'2021-10-09 19:00:00.000000','Apple','iPhone 13','Smartphone'),(116,'2021-10-09 19:00:00.000000','Apple','iPhone 13','Smartphone'),(117,'2021-10-09 19:00:00.000000','Apple','iPhone 13','Smartphone'),(118,'2021-10-09 19:00:00.000000','Apple','iPhone 13','Smartphone'),(119,'2021-10-09 19:00:00.000000','Apple','iPhone 13','Smartphone'),(120,'2021-10-09 19:00:00.000000','Apple','iPhone 13','Smartphone'),(121,'2021-10-09 19:00:00.000000','Apple','iPhone 13','Smartphone'),(122,'2021-10-09 19:00:00.000000','Apple','iPhone 13','Smartphone'),(123,'2021-10-09 19:00:00.000000','Apple','iPhone 13','Smartphone'),(124,'2021-10-09 19:00:00.000000','Apple','iPhone 13','Smartphone'),(125,'2021-10-09 19:00:00.000000','Apple','iPhone 13','Smartphone'),(126,'2021-10-09 19:00:00.000000','Apple','iPhone 13','Smartphone'),(127,'2021-10-09 19:00:00.000000','Apple','iPhone 13','Smartphone'),(128,'2021-10-09 19:00:00.000000','Apple','iPhone 13','Smartphone'),(129,'2021-10-09 19:00:00.000000','Apple','iPhone 13','Smartphone'),(130,'2021-10-09 19:00:00.000000','Apple','iPhone 13','Smartphone'),(131,'2021-10-09 19:00:00.000000','Apple','iPhone 13','Smartphone'),(132,'2021-10-09 19:00:00.000000','Apple','iPhone 13','Smartphone'),(133,'2021-10-09 19:00:00.000000','Apple','iPhone 13','Smartphone'),(134,'2021-10-09 19:00:00.000000','Apple','iPhone 13','Smartphone'),(135,'2021-10-09 19:00:00.000000','Apple','iPhone 13','Smartphone'),(136,'2021-10-09 19:00:00.000000','Apple','iPhone 13','Smartphone'),(137,'2021-10-09 19:00:00.000000','Apple','iPhone 13','Smartphone'),(138,'2021-10-09 19:00:00.000000','Apple','iPhone 13','Smartphone'),(139,'2021-10-09 19:00:00.000000','Apple','iPhone 13','Smartphone'),(140,'2021-10-09 19:00:00.000000','Apple','iPhone 13','Smartphone'),(141,'2021-10-09 19:00:00.000000','Apple','iPhone 13','Smartphone'),(142,'2021-10-09 19:00:00.000000','Apple','iPhone 13','Smartphone'),(143,'2021-10-09 19:00:00.000000','Apple','iPhone 13','Smartphone'),(144,'2021-10-09 19:00:00.000000','Apple','iPhone 13','Smartphone'),(145,'2021-10-09 19:00:00.000000','Apple','iPhone 13','Smartphone'),(146,'2021-10-09 19:00:00.000000','Apple','iPhone 13','Smartphone'),(147,'2021-10-09 19:00:00.000000','Apple','iPhone 13','Smartphone'),(148,'2021-10-09 19:00:00.000000','Apple','iPhone 13','Smartphone'),(149,'2021-10-09 19:00:00.000000','Apple','iPhone 13','Smartphone'),(150,'2021-10-09 19:00:00.000000','Apple','iPhone 13','Smartphone'),(151,'2021-10-09 19:00:00.000000','Apple','iPhone 13','Smartphone'),(152,'2021-10-09 19:00:00.000000','Apple','iPhone 13','Smartphone'),(153,'2021-10-09 19:00:00.000000','Apple','iPhone 13','Smartphone'),(154,'2021-10-09 19:00:00.000000','Apple','iPhone 13','Smartphone'),(155,'2021-10-09 19:00:00.000000','Apple','iPhone 13','Smartphone'),(156,'2021-10-09 19:00:00.000000','Apple','iPhone 13','Smartphone'),(157,'2021-10-09 19:00:00.000000','Apple','iPhone 13','Smartphone'),(158,'2021-10-09 19:00:00.000000','Apple','iPhone 13','Smartphone'),(159,'2021-10-09 19:00:00.000000','Apple','iPhone 13','Smartphone'),(160,'2021-10-09 19:00:00.000000','Apple','iPhone 13','Smartphone'),(161,'2021-10-09 19:00:00.000000','Apple','iPhone 13','Smartphone'),(162,'2021-10-09 19:00:00.000000','Apple','iPhone 13','Smartphone'),(163,'2021-10-09 19:00:00.000000','Apple','iPhone 13','Smartphone'),(164,'2021-10-09 19:00:00.000000','Apple','iPhone 13','Smartphone'),(165,'2021-10-09 19:00:00.000000','Apple','iPhone 13','Smartphone'),(166,'2021-10-09 19:00:00.000000','Apple','iPhone 13','Smartphone'),(167,'2021-10-09 19:00:00.000000','Apple','iPhone 13','Smartphone'),(168,'2021-10-09 19:00:00.000000','Apple','iPhone 13','Smartphone'),(169,'2021-10-09 19:00:00.000000','Apple','iPhone 13','Smartphone'),(170,'2021-10-09 19:00:00.000000','Apple','iPhone 13','Smartphone'),(171,'2021-10-09 19:00:00.000000','Apple','iPhone 13','Smartphone'),(172,'2021-10-09 19:00:00.000000','Apple','iPhone 13','Smartphone'),(173,'2021-10-09 19:00:00.000000','Apple','iPhone 13','Smartphone'),(174,'2021-10-09 19:00:00.000000','Apple','iPhone 13','Smartphone'),(175,'2021-10-09 19:00:00.000000','Apple','iPhone 13','Smartphone'),(176,'2021-10-09 19:00:00.000000','Apple','iPhone 13','Smartphone'),(177,'2021-10-09 19:00:00.000000','Apple','iPhone 13','Smartphone'),(178,'2021-10-09 19:00:00.000000','Apple','iPhone 13','Smartphone'),(179,'2021-10-09 19:00:00.000000','Apple','iPhone 13','Smartphone'),(180,'2021-10-09 19:00:00.000000','Apple','iPhone 13','Smartphone'),(181,'2021-10-09 19:00:00.000000','Apple','iPhone 13','Smartphone'),(182,'2021-10-09 19:00:00.000000','Apple','iPhone 13','Smartphone'),(183,'2021-10-09 19:00:00.000000','Apple','iPhone 13','Smartphone'),(184,'2021-10-09 19:00:00.000000','Apple','iPhone 13','Smartphone'),(185,'2021-10-09 19:00:00.000000','Apple','iPhone 13','Smartphone'),(186,'2021-10-09 19:00:00.000000','Apple','iPhone 13','Smartphone'),(187,'2021-10-09 19:00:00.000000','Apple','iPhone 13','Smartphone'),(188,'2021-10-09 19:00:00.000000','Apple','iPhone 13','Smartphone'),(189,'2021-10-09 19:00:00.000000','Apple','iPhone 13','Smartphone'),(190,'2021-10-09 19:00:00.000000','Apple','iPhone 13','Smartphone'),(191,'2021-10-09 19:00:00.000000','Apple','iPhone 13','Smartphone'),(192,'2021-10-09 19:00:00.000000','Apple','iPhone 13','Smartphone'),(193,'2021-10-09 19:00:00.000000','Apple','iPhone 13','Smartphone'),(194,'2021-10-09 19:00:00.000000','Apple','iPhone 13','Smartphone'),(195,'2021-10-09 19:00:00.000000','Apple','iPhone 13','Smartphone'),(196,'2021-10-09 19:00:00.000000','Apple','iPhone 13','Smartphone'),(197,'2021-10-09 19:00:00.000000','Apple','iPhone 13','Smartphone'),(198,'2021-10-09 19:00:00.000000','Apple','iPhone 13','Smartphone'),(199,'2021-10-09 19:00:00.000000','Apple','iPhone 13','Smartphone'),(200,'2021-10-09 19:00:00.000000','Apple','iPhone 13','Smartphone'),(201,'2021-10-09 19:00:00.000000','Apple','iPhone 13','Smartphone'),(202,'2021-10-09 19:00:00.000000','Apple','iPhone 13','Smartphone'),(203,'2021-10-09 19:00:00.000000','Apple','iPhone 13','Smartphone'),(204,'2021-10-09 19:00:00.000000','Apple','iPhone 13','Smartphone'),(205,'2021-10-09 19:00:00.000000','Apple','iPhone 13','Smartphone'),(206,'2021-10-09 19:00:00.000000','Apple','iPhone 13','Smartphone'),(207,'2021-10-09 19:00:00.000000','Apple','iPhone 13','Smartphone'),(208,'2021-10-09 19:00:00.000000','Apple','iPhone 13','Smartphone'),(209,'2021-10-09 19:00:00.000000','Apple','iPhone 13','Smartphone'),(210,'2021-10-09 19:00:00.000000','Apple','iPhone 13','Smartphone'),(211,'2021-10-09 19:00:00.000000','Apple','iPhone 13','Smartphone'),(212,'2021-10-09 19:00:00.000000','Apple','iPhone 13','Smartphone'),(213,'2021-10-09 19:00:00.000000','Apple','iPhone 13','Smartphone'),(214,'2021-10-09 19:00:00.000000','Apple','iPhone 13','Smartphone'),(215,'2021-10-09 19:00:00.000000','Apple','iPhone 13','Smartphone'),(216,'2021-10-09 19:00:00.000000','Apple','iPhone 13','Smartphone'),(217,'2021-10-09 19:00:00.000000','Apple','iPhone 13','Smartphone'),(218,'2021-10-09 19:00:00.000000','Apple','iPhone 13','Smartphone'),(219,'2021-10-09 19:00:00.000000','Apple','iPhone 13','Smartphone'),(220,'2021-10-09 19:00:00.000000','Apple','iPhone 13','Smartphone'),(221,'2021-10-09 19:00:00.000000','Apple','iPhone 13','Smartphone'),(222,'2021-10-09 19:00:00.000000','Apple','iPhone 13','Smartphone'),(223,'2021-10-09 19:00:00.000000','Apple','iPhone 13','Smartphone'),(224,'2021-10-09 19:00:00.000000','Apple','iPhone 13','Smartphone'),(225,'2021-10-09 19:00:00.000000','Apple','iPhone 13','Smartphone'),(226,'2021-10-09 19:00:00.000000','Apple','iPhone 13','Smartphone'),(227,'2021-10-09 19:00:00.000000','Apple','iPhone 13','Smartphone'),(228,'2021-10-09 19:00:00.000000','Apple','iPhone 13','Smartphone'),(229,'2021-10-09 19:00:00.000000','Apple','iPhone 13','Smartphone'),(230,'2021-10-09 19:00:00.000000','Apple','iPhone 13','Smartphone'),(231,'2021-10-09 19:00:00.000000','Apple','iPhone 13','Smartphone'),(232,'2021-10-09 19:00:00.000000','Apple','iPhone 13','Smartphone'),(233,'2021-10-09 19:00:00.000000','Apple','iPhone 13','Smartphone'),(234,'2021-10-09 19:00:00.000000','Apple','iPhone 13','Smartphone'),(235,'2021-10-09 19:00:00.000000','Apple','iPhone 13','Smartphone'),(236,'2021-10-09 19:00:00.000000','Apple','iPhone 13','Smartphone'),(237,'2021-10-09 19:00:00.000000','Apple','iPhone 13','Smartphone'),(238,'2021-10-09 19:00:00.000000','Apple','iPhone 13','Smartphone'),(239,'2021-10-09 19:00:00.000000','Apple','iPhone 13','Smartphone'),(240,'2021-10-09 19:00:00.000000','Apple','iPhone 13','Smartphone'),(241,'2021-10-09 19:00:00.000000','Apple','iPhone 13','Smartphone'),(242,'2021-10-09 19:00:00.000000','Apple','iPhone 13','Smartphone'),(243,'2021-10-09 19:00:00.000000','Apple','iPhone 13','Smartphone'),(244,'2021-10-09 19:00:00.000000','Apple','iPhone 13','Smartphone'),(245,'2021-10-09 19:00:00.000000','Apple','iPhone 13','Smartphone'),(246,'2021-10-09 19:00:00.000000','Apple','iPhone 13','Smartphone'),(247,'2021-10-09 19:00:00.000000','Apple','iPhone 13','Smartphone'),(248,'2021-10-09 19:00:00.000000','Apple','iPhone 13','Smartphone'),(249,'2021-10-09 19:00:00.000000','Apple','iPhone 13','Smartphone'),(250,'2021-10-09 19:00:00.000000','Apple','iPhone 13','Smartphone'),(251,'2021-10-09 19:00:00.000000','Apple','iPhone 13','Smartphone'),(252,'2021-10-09 19:00:00.000000','Apple','iPhone 13','Smartphone'),(253,'2021-10-09 19:00:00.000000','Apple','iPhone 13','Smartphone'),(254,'2021-10-09 19:00:00.000000','Apple','iPhone 13','Smartphone'),(255,'2021-10-09 19:00:00.000000','Apple','iPhone 13','Smartphone'),(256,'2021-10-09 19:00:00.000000','Apple','iPhone 13','Smartphone'),(257,'2021-10-09 19:00:00.000000','Apple','iPhone 13','Smartphone'),(258,'2021-10-09 19:00:00.000000','Apple','iPhone 13','Smartphone'),(259,'2021-10-09 19:00:00.000000','Apple','iPhone 13','Smartphone'),(260,'2021-10-09 19:00:00.000000','Apple','iPhone 13','Smartphone'),(261,'2021-10-09 19:00:00.000000','Apple','iPhone 13','Smartphone'),(262,'2021-10-09 19:00:00.000000','Apple','iPhone 13','Smartphone'),(263,'2021-10-09 19:00:00.000000','Apple','iPhone 13','Smartphone'),(264,'2021-10-09 19:00:00.000000','Apple','iPhone 13','Smartphone'),(265,'2021-10-09 19:00:00.000000','Apple','iPhone 13','Smartphone'),(266,'2021-10-09 19:00:00.000000','Apple','iPhone 13','Smartphone'),(267,'2021-10-09 19:00:00.000000','Apple','iPhone 13','Smartphone'),(268,'2021-10-09 19:00:00.000000','Apple','iPhone 13','Smartphone'),(269,'2021-10-09 19:00:00.000000','Apple','iPhone 13','Smartphone'),(270,'2021-10-09 19:00:00.000000','Apple','iPhone 13','Smartphone'),(271,'2021-10-09 19:00:00.000000','Apple','iPhone 13','Smartphone'),(272,'2021-10-09 19:00:00.000000','Apple','iPhone 13','Smartphone'),(273,'2021-10-09 19:00:00.000000','Apple','iPhone 13','Smartphone'),(274,'2021-10-09 19:00:00.000000','Apple','iPhone 13','Smartphone'),(275,'2021-10-09 19:00:00.000000','Apple','iPhone 13','Smartphone'),(276,'2021-10-09 19:00:00.000000','Apple','iPhone 13','Smartphone'),(277,'2021-10-09 19:00:00.000000','Apple','iPhone 13','Smartphone'),(278,'2021-10-09 19:00:00.000000','Apple','iPhone 13','Smartphone'),(279,'2021-10-09 19:00:00.000000','Apple','iPhone 13','Smartphone'),(280,'2021-10-09 19:00:00.000000','Apple','iPhone 13','Smartphone'),(281,'2021-10-09 19:00:00.000000','Apple','iPhone 13','Smartphone'),(282,'2021-10-09 19:00:00.000000','Apple','iPhone 13','Smartphone'),(283,'2021-10-09 19:00:00.000000','Apple','iPhone 13','Smartphone'),(284,'2021-10-09 19:00:00.000000','Apple','iPhone 13','Smartphone'),(285,'2021-10-09 19:00:00.000000','Apple','iPhone 13','Smartphone'),(286,'2021-10-09 19:00:00.000000','Apple','iPhone 13','Smartphone'),(287,'2021-10-09 19:00:00.000000','Apple','iPhone 13','Smartphone'),(288,'2021-10-09 19:00:00.000000','Apple','iPhone 13','Smartphone'),(289,'2021-10-09 19:00:00.000000','Apple','iPhone 13','Smartphone'),(290,'2021-10-09 19:00:00.000000','Apple','iPhone 13','Smartphone'),(291,'2021-10-09 19:00:00.000000','Apple','iPhone 13','Smartphone'),(292,'2021-10-09 19:00:00.000000','Apple','iPhone 13','Smartphone'),(293,'2021-10-09 19:00:00.000000','Apple','iPhone 13','Smartphone'),(294,'2021-10-09 19:00:00.000000','Apple','iPhone 13','Smartphone'),(295,'2021-10-09 19:00:00.000000','Apple','iPhone 13','Smartphone'),(296,'2021-10-09 19:00:00.000000','Apple','iPhone 13','Smartphone'),(297,'2021-10-09 19:00:00.000000','Apple','iPhone 13','Smartphone'),(298,'2021-10-09 19:00:00.000000','Apple','iPhone 13','Smartphone'),(299,'2021-10-09 19:00:00.000000','Apple','iPhone 13','Smartphone'),(300,'2021-10-09 19:00:00.000000','Apple','iPhone 13','Smartphone'),(301,'2021-10-09 19:00:00.000000','Apple','iPhone 13','Smartphone'),(302,'2021-10-09 19:00:00.000000','Apple','iPhone 13','Smartphone'),(303,'2021-10-09 19:00:00.000000','Apple','iPhone 13','Smartphone'),(304,'2021-10-09 19:00:00.000000','Apple','iPhone 13','Smartphone'),(305,'2021-10-09 19:00:00.000000','Apple','iPhone 13','Smartphone'),(306,'2021-10-09 19:00:00.000000','Apple','iPhone 13','Smartphone'),(307,'2021-10-09 19:00:00.000000','Apple','iPhone 13','Smartphone'),(308,'2021-10-09 19:00:00.000000','Apple','iPhone 13','Smartphone'),(309,'2021-10-09 19:00:00.000000','Apple','iPhone 13','Smartphone'),(310,'2021-10-09 19:00:00.000000','Apple','iPhone 13','Smartphone'),(311,'2021-10-09 19:00:00.000000','Apple','iPhone 13','Smartphone'),(312,'2021-10-09 19:00:00.000000','Apple','iPhone 13','Smartphone'),(313,'2021-10-09 19:00:00.000000','Apple','iPhone 13','Smartphone'),(314,'2021-10-09 19:00:00.000000','Apple','iPhone 13','Smartphone'),(315,'2021-10-09 19:00:00.000000','Apple','iPhone 13','Smartphone'),(316,'2021-10-09 19:00:00.000000','Apple','iPhone 13','Smartphone'),(317,'2021-10-09 19:00:00.000000','Apple','iPhone 13','Smartphone'),(318,'2021-10-09 19:00:00.000000','Apple','iPhone 13','Smartphone'),(319,'2021-10-09 19:00:00.000000','Apple','iPhone 13','Smartphone'),(320,'2021-10-09 19:00:00.000000','Apple','iPhone 13','Smartphone'),(321,'2021-10-09 19:00:00.000000','Apple','iPhone 13','Smartphone'),(322,'2021-10-09 19:00:00.000000','Apple','iPhone 13','Smartphone'),(323,'2021-10-09 19:00:00.000000','Apple','iPhone 13','Smartphone'),(324,'2021-10-09 19:00:00.000000','Apple','iPhone 13','Smartphone'),(325,'2021-10-09 19:00:00.000000','Apple','iPhone 13','Smartphone'),(326,'2021-10-09 19:00:00.000000','Apple','iPhone 13','Smartphone'),(327,'2021-10-09 19:00:00.000000','Apple','iPhone 13','Smartphone'),(328,'2021-10-09 19:00:00.000000','Apple','iPhone 13','Smartphone'),(329,'2021-10-09 19:00:00.000000','Apple','iPhone 13','Smartphone'),(330,'2021-10-09 19:00:00.000000','Apple','iPhone 13','Smartphone'),(331,'2021-10-09 19:00:00.000000','Apple','iPhone 13','Smartphone'),(332,'2021-10-09 19:00:00.000000','Apple','iPhone 13','Smartphone'),(333,'2021-10-09 19:00:00.000000','Apple','iPhone 13','Smartphone'),(334,'2021-10-09 19:00:00.000000','Apple','iPhone 13','Smartphone'),(335,'2021-10-09 19:00:00.000000','Apple','iPhone 13','Smartphone'),(336,'2021-10-09 19:00:00.000000','Apple','iPhone 13','Smartphone'),(337,'2021-10-09 19:00:00.000000','Apple','iPhone 13','Smartphone'),(338,'2021-10-09 19:00:00.000000','Apple','iPhone 13','Smartphone'),(339,'2021-10-09 19:00:00.000000','Apple','iPhone 13','Smartphone'),(340,'2021-10-09 19:00:00.000000','Apple','iPhone 13','Smartphone'),(341,'2021-10-09 19:00:00.000000','Apple','iPhone 13','Smartphone'),(342,'2021-10-09 19:00:00.000000','Apple','iPhone 13','Smartphone'),(343,'2021-10-09 19:00:00.000000','Apple','iPhone 13','Smartphone'),(344,'2021-10-09 19:00:00.000000','Apple','iPhone 13','Smartphone'),(345,'2021-10-09 19:00:00.000000','Apple','iPhone 13','Smartphone'),(346,'2021-10-09 19:00:00.000000','Apple','iPhone 13','Smartphone'),(347,'2021-10-09 19:00:00.000000','Apple','iPhone 13','Smartphone'),(348,'2021-10-09 19:00:00.000000','Apple','iPhone 13','Smartphone'),(349,'2021-10-09 19:00:00.000000','Apple','iPhone 13','Smartphone'),(350,'2021-10-09 19:00:00.000000','Apple','iPhone 13','Smartphone'),(351,'2021-10-09 19:00:00.000000','Apple','iPhone 13','Smartphone'),(352,'2021-10-09 19:00:00.000000','Apple','iPhone 13','Smartphone'),(353,'2021-10-09 19:00:00.000000','Apple','iPhone 13','Smartphone'),(354,'2021-10-09 19:00:00.000000','Apple','iPhone 13','Smartphone'),(355,'2021-10-09 19:00:00.000000','Apple','iPhone 13','Smartphone'),(356,'2021-10-09 19:00:00.000000','Apple','iPhone 13','Smartphone'),(357,'2021-10-09 19:00:00.000000','Apple','iPhone 13','Smartphone'),(358,'2021-10-09 19:00:00.000000','Apple','iPhone 13','Smartphone'),(359,'2021-10-09 19:00:00.000000','Apple','iPhone 13','Smartphone'),(360,'2021-10-09 19:00:00.000000','Apple','iPhone 13','Smartphone'),(361,'2021-10-09 19:00:00.000000','Apple','iPhone 13','Smartphone'),(362,'2021-10-09 19:00:00.000000','Apple','iPhone 13','Smartphone'),(363,'2021-10-09 19:00:00.000000','Apple','iPhone 13','Smartphone'),(364,'2021-10-09 19:00:00.000000','Apple','iPhone 13','Smartphone'),(365,'2021-10-09 19:00:00.000000','Apple','iPhone 13','Smartphone'),(366,'2021-10-09 19:00:00.000000','Apple','iPhone 13','Smartphone'),(367,'2021-10-09 19:00:00.000000','Apple','iPhone 13','Smartphone'),(368,'2021-10-09 19:00:00.000000','Apple','iPhone 13','Smartphone'),(369,'2021-10-09 19:00:00.000000','Apple','iPhone 13','Smartphone'),(370,'2021-10-09 19:00:00.000000','Apple','iPhone 13','Smartphone'),(371,'2021-10-09 19:00:00.000000','Apple','iPhone 13','Smartphone'),(372,'2021-10-09 19:00:00.000000','Apple','iPhone 13','Smartphone'),(373,'2021-10-09 19:00:00.000000','Apple','iPhone 13','Smartphone'),(374,'2021-10-09 19:00:00.000000','Apple','iPhone 13','Smartphone'),(375,'2021-10-09 19:00:00.000000','Apple','iPhone 13','Smartphone'),(376,'2021-10-09 19:00:00.000000','Apple','iPhone 13','Smartphone'),(377,'2021-10-09 19:00:00.000000','Apple','iPhone 13','Smartphone'),(378,'2021-10-09 19:00:00.000000','Apple','iPhone 13','Smartphone'),(379,'2021-10-09 19:00:00.000000','Apple','iPhone 13','Smartphone'),(380,'2021-10-09 19:00:00.000000','Apple','iPhone 13','Smartphone'),(381,'2021-10-09 19:00:00.000000','Apple','iPhone 13','Smartphone'),(382,'2021-10-09 19:00:00.000000','Apple','iPhone 13','Smartphone'),(383,'2021-10-09 19:00:00.000000','Apple','iPhone 13','Smartphone'),(384,'2021-10-09 19:00:00.000000','Apple','iPhone 13','Smartphone'),(385,'2021-10-09 19:00:00.000000','Apple','iPhone 13','Smartphone'),(386,'2021-10-09 19:00:00.000000','Apple','iPhone 13','Smartphone'),(387,'2021-10-09 19:00:00.000000','Apple','iPhone 13','Smartphone'),(388,'2021-10-09 19:00:00.000000','Apple','iPhone 13','Smartphone'),(389,'2021-10-09 19:00:00.000000','Apple','iPhone 13','Smartphone'),(390,'2021-10-09 19:00:00.000000','Apple','iPhone 13','Smartphone'),(391,'2021-10-09 19:00:00.000000','Apple','iPhone 13','Smartphone'),(392,'2021-10-09 19:00:00.000000','Apple','iPhone 13','Smartphone'),(393,'2021-10-09 19:00:00.000000','Apple','iPhone 13','Smartphone'),(394,'2021-10-09 19:00:00.000000','Apple','iPhone 13','Smartphone'),(395,'2021-10-09 19:00:00.000000','Apple','iPhone 13','Smartphone'),(396,'2021-10-09 19:00:00.000000','Apple','iPhone 13','Smartphone'),(397,'2021-10-09 19:00:00.000000','Apple','iPhone 13','Smartphone'),(398,'2021-10-09 19:00:00.000000','Apple','iPhone 13','Smartphone'),(399,'2021-10-09 19:00:00.000000','Apple','iPhone 13','Smartphone'),(400,'2021-10-09 19:00:00.000000','Apple','iPhone 13','Smartphone'),(401,'2021-10-09 19:00:00.000000','Apple','iPhone 13','Smartphone'),(402,'2021-10-09 19:00:00.000000','Apple','iPhone 13','Smartphone'),(403,'2021-10-09 19:00:00.000000','Apple','iPhone 13','Smartphone'),(404,'2021-10-09 19:00:00.000000','Apple','iPhone 13','Smartphone'),(405,'2021-10-09 19:00:00.000000','Apple','iPhone 13','Smartphone'),(406,'2021-10-09 19:00:00.000000','Apple','iPhone 13','Smartphone'),(407,'2021-10-09 19:00:00.000000','Apple','iPhone 13','Smartphone'),(408,'2021-10-09 19:00:00.000000','Apple','iPhone 13','Smartphone'),(409,'2021-10-09 19:00:00.000000','Apple','iPhone 13','Smartphone'),(410,'2021-10-09 19:00:00.000000','Apple','iPhone 13','Smartphone'),(411,'2021-10-09 19:00:00.000000','Apple','iPhone 13','Smartphone'),(412,'2021-10-09 19:00:00.000000','Apple','iPhone 13','Smartphone'),(413,'2021-10-09 19:00:00.000000','Apple','iPhone 13','Smartphone'),(414,'2021-10-09 19:00:00.000000','Apple','iPhone 13','Smartphone'),(415,'2021-10-09 19:00:00.000000','Apple','iPhone 13','Smartphone'),(416,'2021-10-09 19:00:00.000000','Apple','iPhone 13','Smartphone'),(417,'2021-10-09 19:00:00.000000','Apple','iPhone 13','Smartphone'),(418,'2021-10-09 19:00:00.000000','Apple','iPhone 13','Smartphone'),(419,'2021-10-09 19:00:00.000000','Apple','iPhone 13','Smartphone'),(420,'2021-10-09 19:00:00.000000','Apple','iPhone 13','Smartphone'),(421,'2021-10-09 19:00:00.000000','Apple','iPhone 13','Smartphone'),(422,'2021-10-09 19:00:00.000000','Apple','iPhone 13','Smartphone'),(423,'2021-10-09 19:00:00.000000','Apple','iPhone 13','Smartphone'),(424,'2021-10-09 19:00:00.000000','Apple','iPhone 13','Smartphone'),(425,'2021-10-09 19:00:00.000000','Apple','iPhone 13','Smartphone'),(426,'2021-10-09 19:00:00.000000','Apple','iPhone 13','Smartphone'),(427,'2021-10-09 19:00:00.000000','Apple','iPhone 13','Smartphone'),(428,'2021-10-09 19:00:00.000000','Apple','iPhone 13','Smartphone'),(429,'2021-10-09 19:00:00.000000','Apple','iPhone 13','Smartphone'),(430,'2021-10-09 19:00:00.000000','Apple','iPhone 13','Smartphone'),(431,'2021-10-09 19:00:00.000000','Apple','iPhone 13','Smartphone'),(432,'2021-10-09 19:00:00.000000','Apple','iPhone 13','Smartphone'),(433,'2021-10-09 19:00:00.000000','Apple','iPhone 13','Smartphone'),(434,'2021-10-09 19:00:00.000000','Apple','iPhone 13','Smartphone'),(435,'2021-10-09 19:00:00.000000','Apple','iPhone 13','Smartphone'),(436,'2021-10-09 19:00:00.000000','Apple','iPhone 13','Smartphone'),(437,'2021-10-09 19:00:00.000000','Apple','iPhone 13','Smartphone'),(438,'2021-10-09 19:00:00.000000','Apple','iPhone 13','Smartphone'),(439,'2021-10-09 19:00:00.000000','Apple','iPhone 13','Smartphone'),(440,'2021-10-09 19:00:00.000000','Apple','iPhone 13','Smartphone'),(441,'2021-10-09 19:00:00.000000','Apple','iPhone 13','Smartphone'),(442,'2021-10-09 19:00:00.000000','Apple','iPhone 13','Smartphone'),(443,'2021-10-09 19:00:00.000000','Apple','iPhone 13','Smartphone'),(444,'2021-10-09 19:00:00.000000','Apple','iPhone 13','Smartphone'),(445,'2021-10-09 19:00:00.000000','Apple','iPhone 13','Smartphone'),(446,'2021-10-09 19:00:00.000000','Apple','iPhone 13','Smartphone'),(447,'2021-10-09 19:00:00.000000','Apple','iPhone 13','Smartphone'),(448,'2021-10-09 19:00:00.000000','Apple','iPhone 13','Smartphone'),(449,'2021-10-09 19:00:00.000000','Apple','iPhone 13','Smartphone'),(450,'2021-10-09 19:00:00.000000','Apple','iPhone 13','Smartphone'),(451,'2021-10-09 19:00:00.000000','Apple','iPhone 13','Smartphone'),(452,'2021-10-09 19:00:00.000000','Apple','iPhone 13','Smartphone'),(453,'2021-10-09 19:00:00.000000','Apple','iPhone 13','Smartphone'),(454,'2021-10-09 19:00:00.000000','Apple','iPhone 13','Smartphone'),(455,'2021-10-09 19:00:00.000000','Apple','iPhone 13','Smartphone'),(456,'2021-10-09 19:00:00.000000','Apple','iPhone 13','Smartphone'),(457,'2021-10-09 19:00:00.000000','Apple','iPhone 13','Smartphone'),(458,'2021-10-09 19:00:00.000000','Apple','iPhone 13','Smartphone'),(459,'2021-10-09 19:00:00.000000','Apple','iPhone 13','Smartphone'),(460,'2021-10-09 19:00:00.000000','Apple','iPhone 13','Smartphone'),(461,'2021-10-09 19:00:00.000000','Apple','iPhone 13','Smartphone'),(462,'2021-10-09 19:00:00.000000','Apple','iPhone 13','Smartphone'),(463,'2021-10-09 19:00:00.000000','Apple','iPhone 13','Smartphone'),(464,'2021-10-09 19:00:00.000000','Apple','iPhone 13','Smartphone'),(465,'2021-10-09 19:00:00.000000','Apple','iPhone 13','Smartphone'),(466,'2021-10-09 19:00:00.000000','Apple','iPhone 13','Smartphone'),(467,'2021-10-09 19:00:00.000000','Apple','iPhone 13','Smartphone'),(468,'2021-10-09 19:00:00.000000','Apple','iPhone 13','Smartphone'),(469,'2021-10-09 19:00:00.000000','Apple','iPhone 13','Smartphone'),(470,'2021-10-09 19:00:00.000000','Apple','iPhone 13','Smartphone'),(471,'2021-10-09 19:00:00.000000','Apple','iPhone 13','Smartphone'),(472,'2021-10-09 19:00:00.000000','Apple','iPhone 13','Smartphone'),(473,'2021-10-09 19:00:00.000000','Apple','iPhone 13','Smartphone'),(474,'2021-10-09 19:00:00.000000','Apple','iPhone 13','Smartphone'),(475,'2021-10-09 19:00:00.000000','Apple','iPhone 13','Smartphone'),(476,'2021-10-09 19:00:00.000000','Apple','iPhone 13','Smartphone'),(477,'2021-10-09 19:00:00.000000','Apple','iPhone 13','Smartphone'),(478,'2021-10-09 19:00:00.000000','Apple','iPhone 13','Smartphone'),(479,'2021-10-09 19:00:00.000000','Apple','iPhone 13','Smartphone'),(480,'2021-10-09 19:00:00.000000','Apple','iPhone 13','Smartphone'),(481,'2021-10-09 19:00:00.000000','Apple','iPhone 13','Smartphone'),(482,'2021-10-09 19:00:00.000000','Apple','iPhone 13','Smartphone'),(483,'2021-10-09 19:00:00.000000','Apple','iPhone 13','Smartphone'),(484,'2021-10-09 19:00:00.000000','Apple','iPhone 13','Smartphone'),(485,'2021-10-09 19:00:00.000000','Apple','iPhone 13','Smartphone'),(486,'2021-10-09 19:00:00.000000','Apple','iPhone 13','Smartphone'),(487,'2021-10-09 19:00:00.000000','Apple','iPhone 13','Smartphone'),(488,'2021-10-09 19:00:00.000000','Apple','iPhone 13','Smartphone'),(489,'2021-10-09 19:00:00.000000','Apple','iPhone 13','Smartphone'),(490,'2021-10-09 19:00:00.000000','Apple','iPhone 13','Smartphone'),(491,'2021-10-09 19:00:00.000000','Apple','iPhone 13','Smartphone'),(492,'2021-10-09 19:00:00.000000','Apple','iPhone 13','Smartphone'),(493,'2021-10-09 19:00:00.000000','Apple','iPhone 13','Smartphone'),(494,'2021-10-09 19:00:00.000000','Apple','iPhone 13','Smartphone'),(495,'2021-10-09 19:00:00.000000','Apple','iPhone 13','Smartphone'),(496,'2021-10-09 19:00:00.000000','Apple','iPhone 13','Smartphone'),(497,'2021-10-09 19:00:00.000000','Apple','iPhone 13','Smartphone'),(498,'2021-10-09 19:00:00.000000','Apple','iPhone 13','Smartphone'),(499,'2021-10-09 19:00:00.000000','Apple','iPhone 13','Smartphone'),(500,'2021-10-09 19:00:00.000000','Apple','iPhone 13','Smartphone'),(501,'2021-10-09 19:00:00.000000','Apple','iPhone 13','Smartphone'),(502,'2021-10-09 19:00:00.000000','Apple','iPhone 13','Smartphone'),(503,'2021-10-09 19:00:00.000000','Apple','iPhone 13','Smartphone'),(504,'2021-10-09 19:00:00.000000','Apple','iPhone 13','Smartphone'),(505,'2021-10-09 19:00:00.000000','Apple','iPhone 13','Smartphone'),(506,'2021-10-09 19:00:00.000000','Apple','iPhone 13','Smartphone'),(507,'2021-10-09 19:00:00.000000','Apple','iPhone 13','Smartphone'),(508,'2021-10-09 19:00:00.000000','Apple','iPhone 13','Smartphone'),(509,'2021-10-09 19:00:00.000000','Apple','iPhone 13','Smartphone'),(510,'2021-10-09 19:00:00.000000','Apple','iPhone 13','Smartphone'),(511,'2021-10-09 19:00:00.000000','Apple','iPhone 13','Smartphone'),(512,'2021-10-09 19:00:00.000000','Apple','iPhone 13','Smartphone'),(513,'2021-10-09 19:00:00.000000','Apple','iPhone 13','Smartphone'),(514,'2021-10-09 19:00:00.000000','Apple','iPhone 13','Smartphone'),(515,'2021-10-09 19:00:00.000000','Apple','iPhone 13','Smartphone'),(516,'2021-10-09 19:00:00.000000','Apple','iPhone 13','Smartphone'),(517,'2021-10-09 19:00:00.000000','Apple','iPhone 13','Smartphone'),(518,'2021-10-09 19:00:00.000000','Apple','iPhone 13','Smartphone'),(519,'2021-10-09 19:00:00.000000','Apple','iPhone 13','Smartphone'),(520,'2021-10-09 19:00:00.000000','Apple','iPhone 13','Smartphone'),(521,'2021-10-09 19:00:00.000000','Apple','iPhone 13','Smartphone'),(522,'2021-10-09 19:00:00.000000','Apple','iPhone 13','Smartphone'),(523,'2021-10-09 19:00:00.000000','Apple','iPhone 13','Smartphone'),(524,'2021-10-09 19:00:00.000000','Apple','iPhone 13','Smartphone'),(525,'2021-10-09 19:00:00.000000','Apple','iPhone 13','Smartphone'),(526,'2021-10-09 19:00:00.000000','Apple','iPhone 13','Smartphone'),(527,'2021-10-09 19:00:00.000000','Apple','iPhone 13','Smartphone'),(528,'2021-10-09 19:00:00.000000','Apple','iPhone 13','Smartphone'),(529,'2021-10-09 19:00:00.000000','Apple','iPhone 13','Smartphone'),(530,'2021-10-09 19:00:00.000000','Apple','iPhone 13','Smartphone'),(531,'2021-10-09 19:00:00.000000','Apple','iPhone 13','Smartphone'),(532,'2021-10-09 19:00:00.000000','Apple','iPhone 13','Smartphone'),(533,'2021-10-09 19:00:00.000000','Apple','iPhone 13','Smartphone'),(534,'2021-10-09 19:00:00.000000','Apple','iPhone 13','Smartphone'),(535,'2021-10-09 19:00:00.000000','Apple','iPhone 13','Smartphone'),(536,'2021-10-09 19:00:00.000000','Apple','iPhone 13','Smartphone'),(537,'2021-10-09 19:00:00.000000','Apple','iPhone 13','Smartphone'),(538,'2021-10-09 19:00:00.000000','Apple','iPhone 13','Smartphone'),(539,'2021-10-09 19:00:00.000000','Apple','iPhone 13','Smartphone'),(540,'2021-10-09 19:00:00.000000','Apple','iPhone 13','Smartphone'),(541,'2021-10-09 19:00:00.000000','Apple','iPhone 13','Smartphone'),(542,'2021-10-09 19:00:00.000000','Apple','iPhone 13','Smartphone'),(543,'2021-10-09 19:00:00.000000','Apple','iPhone 13','Smartphone'),(544,'2021-10-09 19:00:00.000000','Apple','iPhone 13','Smartphone'),(545,'2021-10-09 19:00:00.000000','Apple','iPhone 13','Smartphone'),(546,'2021-10-09 19:00:00.000000','Apple','iPhone 13','Smartphone'),(547,'2021-10-09 19:00:00.000000','Apple','iPhone 13','Smartphone'),(548,'2021-10-09 19:00:00.000000','Apple','iPhone 13','Smartphone'),(549,'2021-10-09 19:00:00.000000','Apple','iPhone 13','Smartphone'),(550,'2021-10-09 19:00:00.000000','Apple','iPhone 13','Smartphone'),(551,'2021-10-09 19:00:00.000000','Apple','iPhone 13','Smartphone'),(552,'2021-10-09 19:00:00.000000','Apple','iPhone 13','Smartphone'),(553,'2021-10-09 19:00:00.000000','Apple','iPhone 13','Smartphone'),(554,'2021-10-09 19:00:00.000000','Apple','iPhone 13','Smartphone'),(555,'2021-10-09 19:00:00.000000','Apple','iPhone 13','Smartphone'),(556,'2021-10-09 19:00:00.000000','Apple','iPhone 13','Smartphone'),(557,'2021-10-09 19:00:00.000000','Apple','iPhone 13','Smartphone'),(558,'2021-10-09 19:00:00.000000','Apple','iPhone 13','Smartphone'),(559,'2021-10-09 19:00:00.000000','Apple','iPhone 13','Smartphone'),(560,'2021-10-09 19:00:00.000000','Apple','iPhone 13','Smartphone'),(561,'2021-10-09 19:00:00.000000','Apple','iPhone 13','Smartphone'),(562,'2021-10-09 19:00:00.000000','Apple','iPhone 13','Smartphone'),(563,'2021-10-09 19:00:00.000000','Apple','iPhone 13','Smartphone'),(564,'2021-10-09 19:00:00.000000','Apple','iPhone 13','Smartphone'),(565,'2021-10-09 19:00:00.000000','Apple','iPhone 13','Smartphone'),(566,'2021-10-09 19:00:00.000000','Apple','iPhone 13','Smartphone'),(567,'2021-10-09 19:00:00.000000','Apple','iPhone 13','Smartphone'),(568,'2021-10-09 19:00:00.000000','Apple','iPhone 13','Smartphone'),(569,'2021-10-09 19:00:00.000000','Apple','iPhone 13','Smartphone'),(570,'2021-10-09 19:00:00.000000','Apple','iPhone 13','Smartphone'),(571,'2021-10-09 19:00:00.000000','Apple','iPhone 13','Smartphone'),(572,'2021-10-09 19:00:00.000000','Apple','iPhone 13','Smartphone'),(573,'2021-10-09 19:00:00.000000','Apple','iPhone 13','Smartphone'),(574,'2021-10-09 19:00:00.000000','Apple','iPhone 13','Smartphone'),(575,'2021-10-09 19:00:00.000000','Apple','iPhone 13','Smartphone'),(576,'2021-10-09 19:00:00.000000','Apple','iPhone 13','Smartphone'),(577,'2021-10-09 19:00:00.000000','Apple','iPhone 13','Smartphone'),(578,'2021-10-09 19:00:00.000000','Apple','iPhone 13','Smartphone'),(579,'2021-10-09 19:00:00.000000','Apple','iPhone 13','Smartphone'),(580,'2021-10-09 19:00:00.000000','Apple','iPhone 13','Smartphone'),(581,'2021-10-09 19:00:00.000000','Apple','iPhone 13','Smartphone'),(582,'2021-10-09 19:00:00.000000','Apple','iPhone 13','Smartphone'),(583,'2021-10-09 19:00:00.000000','Apple','iPhone 13','Smartphone'),(584,'2021-10-09 19:00:00.000000','Apple','iPhone 13','Smartphone'),(585,'2021-10-09 19:00:00.000000','Apple','iPhone 13','Smartphone'),(586,'2021-10-09 19:00:00.000000','Apple','iPhone 13','Smartphone'),(587,'2021-10-09 19:00:00.000000','Apple','iPhone 13','Smartphone'),(588,'2021-10-09 19:00:00.000000','Apple','iPhone 13','Smartphone'),(589,'2021-10-09 19:00:00.000000','Apple','iPhone 13','Smartphone'),(590,'2021-10-09 19:00:00.000000','Apple','iPhone 13','Smartphone'),(591,'2021-10-09 19:00:00.000000','Apple','iPhone 13','Smartphone'),(592,'2021-10-09 19:00:00.000000','Apple','iPhone 13','Smartphone'),(593,'2021-10-09 19:00:00.000000','Apple','iPhone 13','Smartphone'),(594,'2021-10-09 19:00:00.000000','Apple','iPhone 13','Smartphone'),(595,'2021-10-09 19:00:00.000000','Apple','iPhone 13','Smartphone'),(596,'2021-10-09 19:00:00.000000','Apple','iPhone 13','Smartphone'),(597,'2021-10-09 19:00:00.000000','Apple','iPhone 13','Smartphone'),(598,'2021-10-09 19:00:00.000000','Apple','iPhone 13','Smartphone'),(599,'2021-10-09 19:00:00.000000','Apple','iPhone 13','Smartphone'),(600,'2021-10-09 19:00:00.000000','Apple','iPhone 13','Smartphone'),(601,'2021-10-09 19:00:00.000000','Apple','iPhone 13','Smartphone'),(602,'2021-10-09 19:00:00.000000','Apple','iPhone 13','Smartphone'),(603,'2021-10-09 19:00:00.000000','Apple','iPhone 13','Smartphone'),(604,'2021-10-09 19:00:00.000000','Apple','iPhone 13','Smartphone'),(605,'2021-10-09 19:00:00.000000','Apple','iPhone 13','Smartphone'),(606,'2021-10-09 19:00:00.000000','Apple','iPhone 13','Smartphone'),(607,'2021-10-09 19:00:00.000000','Apple','iPhone 13','Smartphone'),(608,'2021-10-09 19:00:00.000000','Apple','iPhone 13','Smartphone'),(609,'2021-10-09 19:00:00.000000','Apple','iPhone 13','Smartphone'),(610,'2021-10-09 19:00:00.000000','Apple','iPhone 13','Smartphone'),(611,'2021-10-09 19:00:00.000000','Apple','iPhone 13','Smartphone'),(612,'2021-10-09 19:00:00.000000','Apple','iPhone 13','Smartphone'),(613,'2021-10-09 19:00:00.000000','Apple','iPhone 13','Smartphone'),(614,'2021-10-09 19:00:00.000000','Apple','iPhone 13','Smartphone'),(615,'2021-10-09 19:00:00.000000','Apple','iPhone 13','Smartphone'),(616,'2021-10-09 19:00:00.000000','Apple','iPhone 13','Smartphone'),(617,'2021-10-09 19:00:00.000000','Apple','iPhone 13','Smartphone'),(618,'2021-10-09 19:00:00.000000','Apple','iPhone 13','Smartphone'),(619,'2021-10-09 19:00:00.000000','Apple','iPhone 13','Smartphone'),(620,'2021-10-09 19:00:00.000000','Apple','iPhone 13','Smartphone'),(621,'2021-10-09 19:00:00.000000','Apple','iPhone 13','Smartphone'),(622,'2021-10-09 19:00:00.000000','Apple','iPhone 13','Smartphone'),(623,'2021-10-09 19:00:00.000000','Apple','iPhone 13','Smartphone'),(624,'2021-10-09 19:00:00.000000','Apple','iPhone 13','Smartphone'),(625,'2021-10-09 19:00:00.000000','Apple','iPhone 13','Smartphone'),(626,'2021-10-09 19:00:00.000000','Apple','iPhone 13','Smartphone'),(627,'2021-10-09 19:00:00.000000','Apple','iPhone 13','Smartphone'),(628,'2021-10-09 19:00:00.000000','Apple','iPhone 13','Smartphone'),(629,'2021-10-09 19:00:00.000000','Apple','iPhone 13','Smartphone'),(630,'2021-10-09 19:00:00.000000','Apple','iPhone 13','Smartphone'),(631,'2021-10-09 19:00:00.000000','Apple','iPhone 13','Smartphone'),(632,'2021-10-09 19:00:00.000000','Apple','iPhone 13','Smartphone'),(633,'2021-10-09 19:00:00.000000','Apple','iPhone 13','Smartphone'),(634,'2021-10-09 19:00:00.000000','Apple','iPhone 13','Smartphone'),(635,'2021-10-09 19:00:00.000000','Apple','iPhone 13','Smartphone'),(636,'2021-10-09 19:00:00.000000','Apple','iPhone 13','Smartphone'),(637,'2021-10-09 19:00:00.000000','Apple','iPhone 13','Smartphone'),(638,'2021-10-09 19:00:00.000000','Apple','iPhone 13','Smartphone'),(639,'2021-10-09 19:00:00.000000','Apple','iPhone 13','Smartphone'),(640,'2021-10-09 19:00:00.000000','Apple','iPhone 13','Smartphone'),(641,'2021-10-09 19:00:00.000000','Apple','iPhone 13','Smartphone'),(642,'2021-10-09 19:00:00.000000','Apple','iPhone 13','Smartphone'),(643,'2021-10-09 19:00:00.000000','Apple','iPhone 13','Smartphone'),(644,'2021-10-09 19:00:00.000000','Apple','iPhone 13','Smartphone'),(645,'2021-10-09 19:00:00.000000','Apple','iPhone 13','Smartphone'),(646,'2021-10-09 19:00:00.000000','Apple','iPhone 13','Smartphone'),(647,'2021-10-09 19:00:00.000000','Apple','iPhone 13','Smartphone'),(648,'2021-10-09 19:00:00.000000','Apple','iPhone 13','Smartphone'),(649,'2021-10-09 19:00:00.000000','Apple','iPhone 13','Smartphone'),(650,'2021-10-09 19:00:00.000000','Apple','iPhone 13','Smartphone'),(651,'2021-10-09 19:00:00.000000','Apple','iPhone 13','Smartphone'),(652,'2021-10-09 19:00:00.000000','Apple','iPhone 13','Smartphone'),(653,'2021-10-09 19:00:00.000000','Apple','iPhone 13','Smartphone'),(654,'2021-10-09 19:00:00.000000','Apple','iPhone 13','Smartphone'),(655,'2021-10-09 19:00:00.000000','Apple','iPhone 13','Smartphone'),(656,'2021-10-09 19:00:00.000000','Apple','iPhone 13','Smartphone'),(657,'2021-10-09 19:00:00.000000','Apple','iPhone 13','Smartphone'),(658,'2021-10-09 19:00:00.000000','Apple','iPhone 13','Smartphone'),(659,'2021-10-09 19:00:00.000000','Apple','iPhone 13','Smartphone'),(660,'2021-10-09 19:00:00.000000','Apple','iPhone 13','Smartphone'),(661,'2021-10-09 19:00:00.000000','Apple','iPhone 13','Smartphone'),(662,'2021-10-09 19:00:00.000000','Apple','iPhone 13','Smartphone'),(663,'2021-10-09 19:00:00.000000','Apple','iPhone 13','Smartphone'),(664,'2021-10-09 19:00:00.000000','Apple','iPhone 13','Smartphone'),(665,'2021-10-09 19:00:00.000000','Apple','iPhone 13','Smartphone'),(666,'2021-10-09 19:00:00.000000','Apple','iPhone 13','Smartphone'),(667,'2021-10-09 19:00:00.000000','Apple','iPhone 13','Smartphone'),(668,'2021-10-09 19:00:00.000000','Apple','iPhone 13','Smartphone'),(669,'2021-10-09 19:00:00.000000','Apple','iPhone 13','Smartphone'),(670,'2021-10-09 19:00:00.000000','Apple','iPhone 13','Smartphone'),(671,'2021-10-09 19:00:00.000000','Apple','iPhone 13','Smartphone'),(672,'2021-10-09 19:00:00.000000','Apple','iPhone 13','Smartphone'),(673,'2021-10-09 19:00:00.000000','Apple','iPhone 13','Smartphone'),(674,'2021-10-09 19:00:00.000000','Apple','iPhone 13','Smartphone'),(675,'2021-10-09 19:00:00.000000','Apple','iPhone 13','Smartphone'),(676,'2021-10-09 19:00:00.000000','Apple','iPhone 13','Smartphone'),(677,'2021-10-09 19:00:00.000000','Apple','iPhone 13','Smartphone'),(678,'2021-10-09 19:00:00.000000','Apple','iPhone 13','Smartphone'),(679,'2021-10-09 19:00:00.000000','Apple','iPhone 13','Smartphone'),(680,'2021-10-09 19:00:00.000000','Apple','iPhone 13','Smartphone'),(681,'2021-10-09 19:00:00.000000','Apple','iPhone 13','Smartphone'),(682,'2021-10-09 19:00:00.000000','Apple','iPhone 13','Smartphone'),(683,'2021-10-09 19:00:00.000000','Apple','iPhone 13','Smartphone'),(684,'2021-10-09 19:00:00.000000','Apple','iPhone 13','Smartphone'),(685,'2021-10-09 19:00:00.000000','Apple','iPhone 13','Smartphone'),(686,'2021-10-09 19:00:00.000000','Apple','iPhone 13','Smartphone'),(687,'2021-10-09 19:00:00.000000','Apple','iPhone 13','Smartphone'),(688,'2021-10-09 19:00:00.000000','Apple','iPhone 13','Smartphone'),(689,'2021-10-09 19:00:00.000000','Apple','iPhone 13','Smartphone'),(690,'2021-10-09 19:00:00.000000','Apple','iPhone 13','Smartphone'),(691,'2021-10-09 19:00:00.000000','Apple','iPhone 13','Smartphone'),(692,'2021-10-09 19:00:00.000000','Apple','iPhone 13','Smartphone'),(693,'2021-10-09 19:00:00.000000','Apple','iPhone 13','Smartphone'),(694,'2021-10-09 19:00:00.000000','Apple','iPhone 13','Smartphone'),(695,'2021-10-09 19:00:00.000000','Apple','iPhone 13','Smartphone'),(696,'2021-10-09 19:00:00.000000','Apple','iPhone 13','Smartphone'),(697,'2021-10-09 19:00:00.000000','Apple','iPhone 13','Smartphone'),(698,'2021-10-09 19:00:00.000000','Apple','iPhone 13','Smartphone'),(699,'2021-10-09 19:00:00.000000','Apple','iPhone 13','Smartphone'),(700,'2021-10-09 19:00:00.000000','Apple','iPhone 13','Smartphone'),(701,'2021-10-09 19:00:00.000000','Apple','iPhone 13','Smartphone'),(702,'2021-10-09 19:00:00.000000','Apple','iPhone 13','Smartphone'),(703,'2021-10-09 19:00:00.000000','Apple','iPhone 13','Smartphone'),(704,'2021-10-09 19:00:00.000000','Apple','iPhone 13','Smartphone'),(705,'2021-10-09 19:00:00.000000','Apple','iPhone 13','Smartphone'),(706,'2021-10-09 19:00:00.000000','Apple','iPhone 13','Smartphone'),(707,'2021-10-09 19:00:00.000000','Apple','iPhone 13','Smartphone'),(708,'2021-10-09 19:00:00.000000','Apple','iPhone 13','Smartphone'),(709,'2021-10-09 19:00:00.000000','Apple','iPhone 13','Smartphone'),(710,'2021-10-09 19:00:00.000000','Apple','iPhone 13','Smartphone'),(711,'2021-10-09 19:00:00.000000','Apple','iPhone 13','Smartphone'),(712,'2021-10-09 19:00:00.000000','Apple','iPhone 13','Smartphone'),(713,'2021-10-09 19:00:00.000000','Apple','iPhone 13','Smartphone'),(714,'2021-10-09 19:00:00.000000','Apple','iPhone 13','Smartphone'),(715,'2021-10-09 19:00:00.000000','Apple','iPhone 13','Smartphone'),(716,'2021-10-09 19:00:00.000000','Apple','iPhone 13','Smartphone'),(717,'2021-10-09 19:00:00.000000','Apple','iPhone 13','Smartphone'),(718,'2021-10-09 19:00:00.000000','Apple','iPhone 13','Smartphone'),(719,'2021-10-09 19:00:00.000000','Apple','iPhone 13','Smartphone'),(720,'2021-10-09 19:00:00.000000','Apple','iPhone 13','Smartphone'),(721,'2021-10-09 19:00:00.000000','Apple','iPhone 13','Smartphone'),(722,'2021-10-09 19:00:00.000000','Apple','iPhone 13','Smartphone'),(723,'2021-10-09 19:00:00.000000','Apple','iPhone 13','Smartphone'),(724,'2021-10-09 19:00:00.000000','Apple','iPhone 13','Smartphone'),(725,'2021-10-09 19:00:00.000000','Apple','iPhone 13','Smartphone'),(726,'2021-10-09 19:00:00.000000','Apple','iPhone 13','Smartphone'),(727,'2021-10-09 19:00:00.000000','Apple','iPhone 13','Smartphone'),(728,'2021-10-09 19:00:00.000000','Apple','iPhone 13','Smartphone'),(729,'2021-10-09 19:00:00.000000','Apple','iPhone 13','Smartphone'),(730,'2021-10-09 19:00:00.000000','Apple','iPhone 13','Smartphone'),(731,'2021-10-09 19:00:00.000000','Apple','iPhone 13','Smartphone'),(732,'2021-10-09 19:00:00.000000','Apple','iPhone 13','Smartphone'),(733,'2021-10-09 19:00:00.000000','Apple','iPhone 13','Smartphone'),(734,'2021-10-09 19:00:00.000000','Apple','iPhone 13','Smartphone'),(735,'2021-10-09 19:00:00.000000','Apple','iPhone 13','Smartphone'),(736,'2021-10-09 19:00:00.000000','Apple','iPhone 13','Smartphone'),(737,'2021-10-09 19:00:00.000000','Apple','iPhone 13','Smartphone'),(738,'2021-10-09 19:00:00.000000','Apple','iPhone 13','Smartphone'),(739,'2021-10-09 19:00:00.000000','Apple','iPhone 13','Smartphone'),(740,'2021-10-09 19:00:00.000000','Apple','iPhone 13','Smartphone'),(741,'2021-10-09 19:00:00.000000','Apple','iPhone 13','Smartphone'),(742,'2021-10-09 19:00:00.000000','Apple','iPhone 13','Smartphone'),(743,'2021-10-09 19:00:00.000000','Apple','iPhone 13','Smartphone'),(744,'2021-10-09 19:00:00.000000','Apple','iPhone 13','Smartphone'),(745,'2021-10-09 19:00:00.000000','Apple','iPhone 13','Smartphone'),(746,'2021-10-09 19:00:00.000000','Apple','iPhone 13','Smartphone'),(747,'2021-10-09 19:00:00.000000','Apple','iPhone 13','Smartphone'),(748,'2021-10-09 19:00:00.000000','Apple','iPhone 13','Smartphone'),(749,'2021-10-09 19:00:00.000000','Apple','iPhone 13','Smartphone'),(750,'2021-10-09 19:00:00.000000','Apple','iPhone 13','Smartphone'),(751,'2021-10-09 19:00:00.000000','Apple','iPhone 13','Smartphone'),(752,'2021-10-09 19:00:00.000000','Apple','iPhone 13','Smartphone'),(753,'2021-10-09 19:00:00.000000','Apple','iPhone 13','Smartphone'),(754,'2021-10-09 19:00:00.000000','Apple','iPhone 13','Smartphone'),(755,'2021-10-09 19:00:00.000000','Apple','iPhone 13','Smartphone'),(756,'2021-10-09 19:00:00.000000','Apple','iPhone 13','Smartphone'),(757,'2021-10-09 19:00:00.000000','Apple','iPhone 13','Smartphone'),(758,'2021-10-09 19:00:00.000000','Apple','iPhone 13','Smartphone'),(759,'2021-10-09 19:00:00.000000','Apple','iPhone 13','Smartphone'),(760,'2021-10-09 19:00:00.000000','Apple','iPhone 13','Smartphone'),(761,'2021-10-09 19:00:00.000000','Apple','iPhone 13','Smartphone'),(762,'2021-10-09 19:00:00.000000','Apple','iPhone 13','Smartphone'),(763,'2021-10-09 19:00:00.000000','Apple','iPhone 13','Smartphone'),(764,'2021-10-09 19:00:00.000000','Apple','iPhone 13','Smartphone'),(765,'2021-10-09 19:00:00.000000','Apple','iPhone 13','Smartphone'),(766,'2021-10-09 19:00:00.000000','Apple','iPhone 13','Smartphone'),(767,'2021-10-09 19:00:00.000000','Apple','iPhone 13','Smartphone'),(768,'2021-10-09 19:00:00.000000','Apple','iPhone 13','Smartphone'),(769,'2021-10-09 19:00:00.000000','Apple','iPhone 13','Smartphone'),(770,'2021-10-09 19:00:00.000000','Apple','iPhone 13','Smartphone'),(771,'2021-10-09 19:00:00.000000','Apple','iPhone 13','Smartphone'),(772,'2021-10-09 19:00:00.000000','Apple','iPhone 13','Smartphone'),(773,'2021-10-09 19:00:00.000000','Apple','iPhone 13','Smartphone'),(774,'2021-10-09 19:00:00.000000','Apple','iPhone 13','Smartphone'),(775,'2021-10-09 19:00:00.000000','Apple','iPhone 13','Smartphone'),(776,'2021-10-09 19:00:00.000000','Apple','iPhone 13','Smartphone'),(777,'2021-10-09 19:00:00.000000','Apple','iPhone 13','Smartphone'),(778,'2021-10-09 19:00:00.000000','Apple','iPhone 13','Smartphone'),(779,'2021-10-09 19:00:00.000000','Apple','iPhone 13','Smartphone'),(780,'2021-10-09 19:00:00.000000','Apple','iPhone 13','Smartphone'),(781,'2021-10-09 19:00:00.000000','Apple','iPhone 13','Smartphone'),(782,'2021-10-09 19:00:00.000000','Apple','iPhone 13','Smartphone'),(783,'2021-10-09 19:00:00.000000','Apple','iPhone 13','Smartphone'),(784,'2021-10-09 19:00:00.000000','Apple','iPhone 13','Smartphone'),(785,'2021-10-09 19:00:00.000000','Apple','iPhone 13','Smartphone'),(786,'2021-10-09 19:00:00.000000','Apple','iPhone 13','Smartphone'),(787,'2021-10-09 19:00:00.000000','Apple','iPhone 13','Smartphone'),(788,'2021-10-09 19:00:00.000000','Apple','iPhone 13','Smartphone'),(789,'2021-10-09 19:00:00.000000','Apple','iPhone 13','Smartphone'),(790,'2021-10-09 19:00:00.000000','Apple','iPhone 13','Smartphone'),(791,'2021-10-09 19:00:00.000000','Apple','iPhone 13','Smartphone'),(792,'2021-10-09 19:00:00.000000','Apple','iPhone 13','Smartphone'),(793,'2021-10-09 19:00:00.000000','Apple','iPhone 13','Smartphone'),(794,'2021-10-09 19:00:00.000000','Apple','iPhone 13','Smartphone'),(795,'2021-10-09 19:00:00.000000','Apple','iPhone 13','Smartphone'),(796,'2021-10-09 19:00:00.000000','Apple','iPhone 13','Smartphone'),(797,'2021-10-09 19:00:00.000000','Apple','iPhone 13','Smartphone'),(798,'2021-10-09 19:00:00.000000','Apple','iPhone 13','Smartphone'),(799,'2021-10-09 19:00:00.000000','Apple','iPhone 13','Smartphone'),(800,'2021-10-09 19:00:00.000000','Apple','iPhone 13','Smartphone'),(801,'2021-10-09 19:00:00.000000','Apple','iPhone 13','Smartphone'),(802,'2021-10-09 19:00:00.000000','Apple','iPhone 13','Smartphone'),(803,'2021-10-09 19:00:00.000000','Apple','iPhone 13','Smartphone'),(804,'2021-10-09 19:00:00.000000','Apple','iPhone 13','Smartphone'),(805,'2021-10-09 19:00:00.000000','Apple','iPhone 13','Smartphone'),(806,'2021-10-09 19:00:00.000000','Apple','iPhone 13','Smartphone'),(807,'2021-10-09 19:00:00.000000','Apple','iPhone 13','Smartphone'),(808,'2021-10-09 19:00:00.000000','Apple','iPhone 13','Smartphone'),(809,'2021-10-09 19:00:00.000000','Apple','iPhone 13','Smartphone'),(810,'2021-10-09 19:00:00.000000','Apple','iPhone 13','Smartphone'),(811,'2021-10-09 19:00:00.000000','Apple','iPhone 13','Smartphone'),(812,'2021-10-09 19:00:00.000000','Apple','iPhone 13','Smartphone'),(813,'2021-10-09 19:00:00.000000','Apple','iPhone 13','Smartphone'),(814,'2021-10-09 19:00:00.000000','Apple','iPhone 13','Smartphone'),(815,'2021-10-09 19:00:00.000000','Apple','iPhone 13','Smartphone'),(816,'2021-10-09 19:00:00.000000','Apple','iPhone 13','Smartphone'),(817,'2021-10-09 19:00:00.000000','Apple','iPhone 13','Smartphone'),(818,'2021-10-09 19:00:00.000000','Apple','iPhone 13','Smartphone'),(819,'2021-10-09 19:00:00.000000','Apple','iPhone 13','Smartphone'),(820,'2021-10-09 19:00:00.000000','Apple','iPhone 13','Smartphone'),(821,'2021-10-09 19:00:00.000000','Apple','iPhone 13','Smartphone'),(822,'2021-10-09 19:00:00.000000','Apple','iPhone 13','Smartphone'),(823,'2021-10-09 19:00:00.000000','Apple','iPhone 13','Smartphone'),(824,'2021-10-09 19:00:00.000000','Apple','iPhone 13','Smartphone'),(825,'2021-10-09 19:00:00.000000','Apple','iPhone 13','Smartphone'),(826,'2021-10-09 19:00:00.000000','Apple','iPhone 13','Smartphone'),(827,'2021-10-09 19:00:00.000000','Apple','iPhone 13','Smartphone'),(828,'2021-10-09 19:00:00.000000','Apple','iPhone 13','Smartphone'),(829,'2021-10-09 19:00:00.000000','Apple','iPhone 13','Smartphone'),(830,'2021-10-09 19:00:00.000000','Apple','iPhone 13','Smartphone'),(831,'2021-10-09 19:00:00.000000','Apple','iPhone 13','Smartphone'),(832,'2021-10-09 19:00:00.000000','Apple','iPhone 13','Smartphone'),(833,'2021-10-09 19:00:00.000000','Apple','iPhone 13','Smartphone'),(834,'2021-10-09 19:00:00.000000','Apple','iPhone 13','Smartphone'),(835,'2021-10-09 19:00:00.000000','Apple','iPhone 13','Smartphone'),(836,'2021-10-09 19:00:00.000000','Apple','iPhone 13','Smartphone'),(837,'2021-10-09 19:00:00.000000','Apple','iPhone 13','Smartphone'),(838,'2021-10-09 19:00:00.000000','Apple','iPhone 13','Smartphone'),(839,'2021-10-09 19:00:00.000000','Apple','iPhone 13','Smartphone'),(840,'2021-10-09 19:00:00.000000','Apple','iPhone 13','Smartphone'),(841,'2021-10-09 19:00:00.000000','Apple','iPhone 13','Smartphone'),(842,'2021-10-09 19:00:00.000000','Apple','iPhone 13','Smartphone'),(843,'2021-10-09 19:00:00.000000','Apple','iPhone 13','Smartphone'),(844,'2021-10-09 19:00:00.000000','Apple','iPhone 13','Smartphone'),(845,'2021-10-09 19:00:00.000000','Apple','iPhone 13','Smartphone'),(846,'2021-10-09 19:00:00.000000','Apple','iPhone 13','Smartphone'),(847,'2021-10-09 19:00:00.000000','Apple','iPhone 13','Smartphone'),(848,'2021-10-09 19:00:00.000000','Apple','iPhone 13','Smartphone'),(849,'2021-10-09 19:00:00.000000','Apple','iPhone 13','Smartphone'),(850,'2021-10-09 19:00:00.000000','Apple','iPhone 13','Smartphone'),(851,'2021-10-09 19:00:00.000000','Apple','iPhone 13','Smartphone'),(852,'2021-10-09 19:00:00.000000','Apple','iPhone 13','Smartphone'),(853,'2021-10-09 19:00:00.000000','Apple','iPhone 13','Smartphone'),(854,'2021-10-09 19:00:00.000000','Apple','iPhone 13','Smartphone'),(855,'2021-10-09 19:00:00.000000','Apple','iPhone 13','Smartphone'),(856,'2021-10-09 19:00:00.000000','Apple','iPhone 13','Smartphone'),(857,'2021-10-09 19:00:00.000000','Apple','iPhone 13','Smartphone'),(858,'2021-10-09 19:00:00.000000','Apple','iPhone 13','Smartphone'),(859,'2021-10-09 19:00:00.000000','Apple','iPhone 13','Smartphone'),(860,'2021-10-09 19:00:00.000000','Apple','iPhone 13','Smartphone'),(861,'2021-10-09 19:00:00.000000','Apple','iPhone 13','Smartphone'),(862,'2021-10-09 19:00:00.000000','Apple','iPhone 13','Smartphone'),(863,'2021-10-09 19:00:00.000000','Apple','iPhone 13','Smartphone'),(864,'2021-10-09 19:00:00.000000','Apple','iPhone 13','Smartphone'),(865,'2021-10-09 19:00:00.000000','Apple','iPhone 13','Smartphone'),(866,'2021-10-09 19:00:00.000000','Apple','iPhone 13','Smartphone'),(867,'2021-10-09 19:00:00.000000','Apple','iPhone 13','Smartphone'),(868,'2021-10-09 19:00:00.000000','Apple','iPhone 13','Smartphone'),(869,'2021-10-09 19:00:00.000000','Apple','iPhone 13','Smartphone'),(870,'2021-10-09 19:00:00.000000','Apple','iPhone 13','Smartphone'),(871,'2021-10-09 19:00:00.000000','Apple','iPhone 13','Smartphone'),(872,'2021-10-09 19:00:00.000000','Apple','iPhone 13','Smartphone'),(873,'2021-10-09 19:00:00.000000','Apple','iPhone 13','Smartphone'),(874,'2021-10-09 19:00:00.000000','Apple','iPhone 13','Smartphone'),(875,'2021-10-09 19:00:00.000000','Apple','iPhone 13','Smartphone'),(876,'2021-10-09 19:00:00.000000','Apple','iPhone 13','Smartphone'),(877,'2021-10-09 19:00:00.000000','Apple','iPhone 13','Smartphone'),(878,'2021-10-09 19:00:00.000000','Apple','iPhone 13','Smartphone'),(879,'2021-10-09 19:00:00.000000','Apple','iPhone 13','Smartphone'),(880,'2021-10-09 19:00:00.000000','Apple','iPhone 13','Smartphone'),(881,'2021-10-09 19:00:00.000000','Apple','iPhone 13','Smartphone'),(882,'2021-10-09 19:00:00.000000','Apple','iPhone 13','Smartphone'),(883,'2021-10-09 19:00:00.000000','Apple','iPhone 13','Smartphone'),(884,'2021-10-09 19:00:00.000000','Apple','iPhone 13','Smartphone'),(885,'2021-10-09 19:00:00.000000','Apple','iPhone 13','Smartphone'),(886,'2021-10-09 19:00:00.000000','Apple','iPhone 13','Smartphone'),(887,'2021-10-09 19:00:00.000000','Apple','iPhone 13','Smartphone'),(888,'2021-10-09 19:00:00.000000','Apple','iPhone 13','Smartphone'),(889,'2021-10-09 19:00:00.000000','Apple','iPhone 13','Smartphone'),(890,'2021-10-09 19:00:00.000000','Apple','iPhone 13','Smartphone'),(891,'2021-10-09 19:00:00.000000','Apple','iPhone 13','Smartphone'),(892,'2021-10-09 19:00:00.000000','Apple','iPhone 13','Smartphone'),(893,'2021-10-09 19:00:00.000000','Apple','iPhone 13','Smartphone'),(894,'2021-10-09 19:00:00.000000','Apple','iPhone 13','Smartphone'),(895,'2021-10-09 19:00:00.000000','Apple','iPhone 13','Smartphone'),(896,'2021-10-09 19:00:00.000000','Apple','iPhone 13','Smartphone'),(897,'2021-10-09 19:00:00.000000','Apple','iPhone 13','Smartphone'),(898,'2021-10-09 19:00:00.000000','Apple','iPhone 13','Smartphone'),(899,'2021-10-09 19:00:00.000000','Apple','iPhone 13','Smartphone'),(900,'2021-10-09 19:00:00.000000','Apple','iPhone 13','Smartphone'),(901,'2021-10-09 19:00:00.000000','Apple','iPhone 13','Smartphone'),(902,'2021-10-09 19:00:00.000000','Apple','iPhone 13','Smartphone'),(903,'2021-10-09 19:00:00.000000','Apple','iPhone 13','Smartphone'),(904,'2021-10-09 19:00:00.000000','Apple','iPhone 13','Smartphone'),(905,'2021-10-09 19:00:00.000000','Apple','iPhone 13','Smartphone'),(906,'2021-10-09 19:00:00.000000','Apple','iPhone 13','Smartphone'),(907,'2021-10-09 19:00:00.000000','Apple','iPhone 13','Smartphone'),(908,'2021-10-09 19:00:00.000000','Apple','iPhone 13','Smartphone'),(909,'2021-10-09 19:00:00.000000','Apple','iPhone 13','Smartphone'),(910,'2021-10-09 19:00:00.000000','Apple','iPhone 13','Smartphone'),(911,'2021-10-09 19:00:00.000000','Apple','iPhone 13','Smartphone'),(912,'2021-10-09 19:00:00.000000','Apple','iPhone 13','Smartphone'),(913,'2021-10-09 19:00:00.000000','Apple','iPhone 13','Smartphone'),(914,'2021-10-09 19:00:00.000000','Apple','iPhone 13','Smartphone'),(915,'2021-10-09 19:00:00.000000','Apple','iPhone 13','Smartphone'),(916,'2021-10-09 19:00:00.000000','Apple','iPhone 13','Smartphone'),(917,'2021-10-09 19:00:00.000000','Apple','iPhone 13','Smartphone'),(918,'2021-10-09 19:00:00.000000','Apple','iPhone 13','Smartphone'),(919,'2021-10-09 19:00:00.000000','Apple','iPhone 13','Smartphone'),(920,'2021-10-09 19:00:00.000000','Apple','iPhone 13','Smartphone'),(921,'2021-10-09 19:00:00.000000','Apple','iPhone 13','Smartphone'),(922,'2021-10-09 19:00:00.000000','Apple','iPhone 13','Smartphone'),(923,'2021-10-09 19:00:00.000000','Apple','iPhone 13','Smartphone'),(924,'2021-10-09 19:00:00.000000','Apple','iPhone 13','Smartphone'),(925,'2021-10-09 19:00:00.000000','Apple','iPhone 13','Smartphone'),(926,'2021-10-09 19:00:00.000000','Apple','iPhone 13','Smartphone'),(927,'2021-10-09 19:00:00.000000','Apple','iPhone 13','Smartphone'),(928,'2021-10-09 19:00:00.000000','Apple','iPhone 13','Smartphone'),(929,'2021-10-09 19:00:00.000000','Apple','iPhone 13','Smartphone'),(930,'2021-10-09 19:00:00.000000','Apple','iPhone 13','Smartphone'),(931,'2021-10-09 19:00:00.000000','Apple','iPhone 13','Smartphone'),(932,'2021-10-09 19:00:00.000000','Apple','iPhone 13','Smartphone'),(933,'2021-10-09 19:00:00.000000','Apple','iPhone 13','Smartphone'),(934,'2021-10-09 19:00:00.000000','Apple','iPhone 13','Smartphone'),(935,'2021-10-09 19:00:00.000000','Apple','iPhone 13','Smartphone'),(936,'2021-10-09 19:00:00.000000','Apple','iPhone 13','Smartphone'),(937,'2021-10-09 19:00:00.000000','Apple','iPhone 13','Smartphone'),(938,'2021-10-09 19:00:00.000000','Apple','iPhone 13','Smartphone'),(939,'2021-10-09 19:00:00.000000','Apple','iPhone 13','Smartphone'),(940,'2021-10-09 19:00:00.000000','Apple','iPhone 13','Smartphone'),(941,'2021-10-09 19:00:00.000000','Apple','iPhone 13','Smartphone'),(942,'2021-10-09 19:00:00.000000','Apple','iPhone 13','Smartphone'),(943,'2021-10-09 19:00:00.000000','Apple','iPhone 13','Smartphone'),(944,'2021-10-09 19:00:00.000000','Apple','iPhone 13','Smartphone'),(945,'2021-10-09 19:00:00.000000','Apple','iPhone 13','Smartphone'),(946,'2021-10-09 19:00:00.000000','Apple','iPhone 13','Smartphone'),(947,'2021-10-09 19:00:00.000000','Apple','iPhone 13','Smartphone'),(948,'2021-10-09 19:00:00.000000','Apple','iPhone 13','Smartphone'),(949,'2021-10-09 19:00:00.000000','Apple','iPhone 13','Smartphone'),(950,'2021-10-09 19:00:00.000000','Apple','iPhone 13','Smartphone'),(951,'2021-10-09 19:00:00.000000','Apple','iPhone 13','Smartphone'),(952,'2021-10-09 19:00:00.000000','Apple','iPhone 13','Smartphone'),(953,'2021-10-09 19:00:00.000000','Apple','iPhone 13','Smartphone'),(954,'2021-10-09 19:00:00.000000','Apple','iPhone 13','Smartphone'),(955,'2021-10-09 19:00:00.000000','Apple','iPhone 13','Smartphone'),(956,'2021-10-09 19:00:00.000000','Apple','iPhone 13','Smartphone'),(957,'2021-10-09 19:00:00.000000','Apple','iPhone 13','Smartphone'),(958,'2021-10-09 19:00:00.000000','Apple','iPhone 13','Smartphone'),(959,'2021-10-09 19:00:00.000000','Apple','iPhone 13','Smartphone'),(960,'2021-10-09 19:00:00.000000','Apple','iPhone 13','Smartphone'),(961,'2021-10-09 19:00:00.000000','Apple','iPhone 13','Smartphone'),(962,'2021-10-09 19:00:00.000000','Apple','iPhone 13','Smartphone'),(963,'2021-10-09 19:00:00.000000','Apple','iPhone 13','Smartphone'),(964,'2021-10-09 19:00:00.000000','Apple','iPhone 13','Smartphone'),(965,'2021-10-09 19:00:00.000000','Apple','iPhone 13','Smartphone'),(966,'2021-10-09 19:00:00.000000','Apple','iPhone 13','Smartphone'),(967,'2021-10-09 19:00:00.000000','Apple','iPhone 13','Smartphone'),(968,'2021-10-09 19:00:00.000000','Apple','iPhone 13','Smartphone'),(969,'2021-10-09 19:00:00.000000','Apple','iPhone 13','Smartphone'),(970,'2021-10-09 19:00:00.000000','Apple','iPhone 13','Smartphone'),(971,'2021-10-09 19:00:00.000000','Apple','iPhone 13','Smartphone'),(972,'2021-10-09 19:00:00.000000','Apple','iPhone 13','Smartphone'),(973,'2021-10-09 19:00:00.000000','Apple','iPhone 13','Smartphone'),(974,'2021-10-09 19:00:00.000000','Apple','iPhone 13','Smartphone'),(975,'2021-10-09 19:00:00.000000','Apple','iPhone 13','Smartphone'),(976,'2021-10-09 19:00:00.000000','Apple','iPhone 13','Smartphone'),(977,'2021-10-09 19:00:00.000000','Apple','iPhone 13','Smartphone'),(978,'2021-10-09 19:00:00.000000','Apple','iPhone 13','Smartphone'),(979,'2021-10-09 19:00:00.000000','Apple','iPhone 13','Smartphone'),(980,'2021-10-09 19:00:00.000000','Apple','iPhone 13','Smartphone'),(981,'2021-10-09 19:00:00.000000','Apple','iPhone 13','Smartphone'),(982,'2021-10-09 19:00:00.000000','Apple','iPhone 13','Smartphone'),(983,'2021-10-09 19:00:00.000000','Apple','iPhone 13','Smartphone'),(984,'2021-10-09 19:00:00.000000','Apple','iPhone 13','Smartphone'),(985,'2021-10-09 19:00:00.000000','Apple','iPhone 13','Smartphone'),(986,'2021-10-09 19:00:00.000000','Apple','iPhone 13','Smartphone'),(987,'2021-10-09 19:00:00.000000','Apple','iPhone 13','Smartphone'),(988,'2021-10-09 19:00:00.000000','Apple','iPhone 13','Smartphone'),(989,'2021-10-09 19:00:00.000000','Apple','iPhone 13','Smartphone'),(990,'2021-10-09 19:00:00.000000','Apple','iPhone 13','Smartphone'),(991,'2021-10-09 19:00:00.000000','Apple','iPhone 13','Smartphone'),(992,'2021-10-09 19:00:00.000000','Apple','iPhone 13','Smartphone'),(993,'2021-10-09 19:00:00.000000','Apple','iPhone 13','Smartphone'),(994,'2021-10-09 19:00:00.000000','Apple','iPhone 13','Smartphone'),(995,'2021-10-09 19:00:00.000000','Apple','iPhone 13','Smartphone'),(996,'2021-10-09 19:00:00.000000','Apple','iPhone 13','Smartphone'),(997,'2021-10-09 19:00:00.000000','Apple','iPhone 13','Smartphone'),(998,'2021-10-09 19:00:00.000000','Apple','iPhone 13','Smartphone'),(999,'2021-10-09 19:00:00.000000','Apple','iPhone 13','Smartphone'),(1000,'2021-10-09 19:00:00.000000','Apple','iPhone 13','Smartphone'),(1001,'2021-10-09 19:00:00.000000','Apple','iPhone 13','Smartphone');
/*!40000 ALTER TABLE `producto` ENABLE KEYS */;
UNLOCK TABLES;

--
-- Table structure for table `usuario`
--

DROP TABLE IF EXISTS `usuario`;
/*!40101 SET @saved_cs_client     = @@character_set_client */;
/*!50503 SET character_set_client = utf8mb4 */;
CREATE TABLE `usuario` (
  `id_usuario` bigint(20) NOT NULL AUTO_INCREMENT,
  `apellido` varchar(255) DEFAULT NULL,
  `contrasena` varchar(255) DEFAULT NULL,
  `direccion` varchar(255) DEFAULT NULL,
  `email` varchar(255) DEFAULT NULL,
  `nombre` varchar(255) DEFAULT NULL,
  `telefono` varchar(255) DEFAULT NULL,
  `usuario` varchar(255) DEFAULT NULL,
  PRIMARY KEY (`id_usuario`)
) ENGINE=InnoDB AUTO_INCREMENT=301 DEFAULT CHARSET=utf8mb4 COLLATE=utf8mb4_general_ci;
/*!40101 SET character_set_client = @saved_cs_client */;

--
-- Dumping data for table `usuario`
--

LOCK TABLES `usuario` WRITE;
/*!40000 ALTER TABLE `usuario` DISABLE KEYS */;
INSERT INTO `usuario` VALUES (2,'Herrera','pass123','Calle 123, Bogotá','daniel.herrera@example.com','Daniel','3101234567','danielh'),(3,'Herrera','pass123','Calle 123, Bogotá','daniel.herrera@example.com','Daniel','3101234567','danielh'),(4,'Herrera','pass123','Calle 123, Bogotá','daniel.herrera@example.com','Daniel','3101234567','danielh'),(5,'Herrera','pass123','Calle 123, Bogotá','daniel.herrera@example.com','Daniel','3101234567','danielh'),(6,'Herrera','pass123','Calle 123, Bogotá','daniel.herrera@example.com','Daniel','3101234567','danielh'),(7,'Herrera','pass123','Calle 123, Bogotá','daniel.herrera@example.com','Daniel','3101234567','danielh'),(8,'Herrera','pass123','Calle 123, Bogotá','daniel.herrera@example.com','Daniel','3101234567','danielh'),(9,'Herrera','pass123','Calle 123, Bogotá','daniel.herrera@example.com','Daniel','3101234567','danielh'),(10,'Herrera','pass123','Calle 123, Bogotá','daniel.herrera@example.com','Daniel','3101234567','danielh'),(11,'Herrera','pass123','Calle 123, Bogotá','daniel.herrera@example.com','Daniel','3101234567','danielh'),(12,'Herrera','pass123','Calle 123, Bogotá','daniel.herrera@example.com','Daniel','3101234567','danielh'),(13,'Herrera','pass123','Calle 123, Bogotá','daniel.herrera@example.com','Daniel','3101234567','danielh'),(14,'Herrera','pass123','Calle 123, Bogotá','daniel.herrera@example.com','Daniel','3101234567','danielh'),(15,'Herrera','pass123','Calle 123, Bogotá','daniel.herrera@example.com','Daniel','3101234567','danielh'),(16,'Herrera','pass123','Calle 123, Bogotá','daniel.herrera@example.com','Daniel','3101234567','danielh'),(17,'Herrera','pass123','Calle 123, Bogotá','daniel.herrera@example.com','Daniel','3101234567','danielh'),(18,'Herrera','pass123','Calle 123, Bogotá','daniel.herrera@example.com','Daniel','3101234567','danielh'),(19,'Herrera','pass123','Calle 123, Bogotá','daniel.herrera@example.com','Daniel','3101234567','danielh'),(20,'Herrera','pass123','Calle 123, Bogotá','daniel.herrera@example.com','Daniel','3101234567','danielh'),(21,'Herrera','pass123','Calle 123, Bogotá','daniel.herrera@example.com','Daniel','3101234567','danielh'),(22,'Herrera','pass123','Calle 123, Bogotá','daniel.herrera@example.com','Daniel','3101234567','danielh'),(23,'Herrera','pass123','Calle 123, Bogotá','daniel.herrera@example.com','Daniel','3101234567','danielh'),(24,'Herrera','pass123','Calle 123, Bogotá','daniel.herrera@example.com','Daniel','3101234567','danielh'),(25,'Herrera','pass123','Calle 123, Bogotá','daniel.herrera@example.com','Daniel','3101234567','danielh'),(26,'Herrera','pass123','Calle 123, Bogotá','daniel.herrera@example.com','Daniel','3101234567','danielh'),(27,'Herrera','pass123','Calle 123, Bogotá','daniel.herrera@example.com','Daniel','3101234567','danielh'),(28,'Herrera','pass123','Calle 123, Bogotá','daniel.herrera@example.com','Daniel','3101234567','danielh'),(29,'Herrera','pass123','Calle 123, Bogotá','daniel.herrera@example.com','Daniel','3101234567','danielh'),(30,'Herrera','pass123','Calle 123, Bogotá','daniel.herrera@example.com','Daniel','3101234567','danielh'),(31,'Herrera','pass123','Calle 123, Bogotá','daniel.herrera@example.com','Daniel','3101234567','danielh'),(32,'Herrera','pass123','Calle 123, Bogotá','daniel.herrera@example.com','Daniel','3101234567','danielh'),(33,'Herrera','pass123','Calle 123, Bogotá','daniel.herrera@example.com','Daniel','3101234567','danielh'),(34,'Herrera','pass123','Calle 123, Bogotá','daniel.herrera@example.com','Daniel','3101234567','danielh'),(35,'Herrera','pass123','Calle 123, Bogotá','daniel.herrera@example.com','Daniel','3101234567','danielh'),(36,'Herrera','pass123','Calle 123, Bogotá','daniel.herrera@example.com','Daniel','3101234567','danielh'),(37,'Herrera','pass123','Calle 123, Bogotá','daniel.herrera@example.com','Daniel','3101234567','danielh'),(38,'Herrera','pass123','Calle 123, Bogotá','daniel.herrera@example.com','Daniel','3101234567','danielh'),(39,'Herrera','pass123','Calle 123, Bogotá','daniel.herrera@example.com','Daniel','3101234567','danielh'),(40,'Herrera','pass123','Calle 123, Bogotá','daniel.herrera@example.com','Daniel','3101234567','danielh'),(41,'Herrera','pass123','Calle 123, Bogotá','daniel.herrera@example.com','Daniel','3101234567','danielh'),(42,'Herrera','pass123','Calle 123, Bogotá','daniel.herrera@example.com','Daniel','3101234567','danielh'),(43,'Herrera','pass123','Calle 123, Bogotá','daniel.herrera@example.com','Daniel','3101234567','danielh'),(44,'Herrera','pass123','Calle 123, Bogotá','daniel.herrera@example.com','Daniel','3101234567','danielh'),(45,'Herrera','pass123','Calle 123, Bogotá','daniel.herrera@example.com','Daniel','3101234567','danielh'),(46,'Herrera','pass123','Calle 123, Bogotá','daniel.herrera@example.com','Daniel','3101234567','danielh'),(47,'Herrera','pass123','Calle 123, Bogotá','daniel.herrera@example.com','Daniel','3101234567','danielh'),(48,'Herrera','pass123','Calle 123, Bogotá','daniel.herrera@example.com','Daniel','3101234567','danielh'),(49,'Herrera','pass123','Calle 123, Bogotá','daniel.herrera@example.com','Daniel','3101234567','danielh'),(50,'Herrera','pass123','Calle 123, Bogotá','daniel.herrera@example.com','Daniel','3101234567','danielh'),(51,'Herrera','pass123','Calle 123, Bogotá','daniel.herrera@example.com','Daniel','3101234567','danielh'),(52,'Herrera','pass123','Calle 123, Bogotá','daniel.herrera@example.com','Daniel','3101234567','danielh'),(53,'Herrera','pass123','Calle 123, Bogotá','daniel.herrera@example.com','Daniel','3101234567','danielh'),(54,'Herrera','pass123','Calle 123, Bogotá','daniel.herrera@example.com','Daniel','3101234567','danielh'),(55,'Herrera','pass123','Calle 123, Bogotá','daniel.herrera@example.com','Daniel','3101234567','danielh'),(56,'Herrera','pass123','Calle 123, Bogotá','daniel.herrera@example.com','Daniel','3101234567','danielh'),(57,'Herrera','pass123','Calle 123, Bogotá','daniel.herrera@example.com','Daniel','3101234567','danielh'),(58,'Herrera','pass123','Calle 123, Bogotá','daniel.herrera@example.com','Daniel','3101234567','danielh'),(59,'Herrera','pass123','Calle 123, Bogotá','daniel.herrera@example.com','Daniel','3101234567','danielh'),(60,'Herrera','pass123','Calle 123, Bogotá','daniel.herrera@example.com','Daniel','3101234567','danielh'),(61,'Herrera','pass123','Calle 123, Bogotá','daniel.herrera@example.com','Daniel','3101234567','danielh'),(62,'Herrera','pass123','Calle 123, Bogotá','daniel.herrera@example.com','Daniel','3101234567','danielh'),(63,'Herrera','pass123','Calle 123, Bogotá','daniel.herrera@example.com','Daniel','3101234567','danielh'),(64,'Herrera','pass123','Calle 123, Bogotá','daniel.herrera@example.com','Daniel','3101234567','danielh'),(65,'Herrera','pass123','Calle 123, Bogotá','daniel.herrera@example.com','Daniel','3101234567','danielh'),(66,'Herrera','pass123','Calle 123, Bogotá','daniel.herrera@example.com','Daniel','3101234567','danielh'),(67,'Herrera','pass123','Calle 123, Bogotá','daniel.herrera@example.com','Daniel','3101234567','danielh'),(68,'Herrera','pass123','Calle 123, Bogotá','daniel.herrera@example.com','Daniel','3101234567','danielh'),(69,'Herrera','pass123','Calle 123, Bogotá','daniel.herrera@example.com','Daniel','3101234567','danielh'),(70,'Herrera','pass123','Calle 123, Bogotá','daniel.herrera@example.com','Daniel','3101234567','danielh'),(71,'Herrera','pass123','Calle 123, Bogotá','daniel.herrera@example.com','Daniel','3101234567','danielh'),(72,'Herrera','pass123','Calle 123, Bogotá','daniel.herrera@example.com','Daniel','3101234567','danielh'),(73,'Herrera','pass123','Calle 123, Bogotá','daniel.herrera@example.com','Daniel','3101234567','danielh'),(74,'Herrera','pass123','Calle 123, Bogotá','daniel.herrera@example.com','Daniel','3101234567','danielh'),(75,'Herrera','pass123','Calle 123, Bogotá','daniel.herrera@example.com','Daniel','3101234567','danielh'),(76,'Herrera','pass123','Calle 123, Bogotá','daniel.herrera@example.com','Daniel','3101234567','danielh'),(77,'Herrera','pass123','Calle 123, Bogotá','daniel.herrera@example.com','Daniel','3101234567','danielh'),(78,'Herrera','pass123','Calle 123, Bogotá','daniel.herrera@example.com','Daniel','3101234567','danielh'),(79,'Herrera','pass123','Calle 123, Bogotá','daniel.herrera@example.com','Daniel','3101234567','danielh'),(80,'Herrera','pass123','Calle 123, Bogotá','daniel.herrera@example.com','Daniel','3101234567','danielh'),(81,'Herrera','pass123','Calle 123, Bogotá','daniel.herrera@example.com','Daniel','3101234567','danielh'),(82,'Herrera','pass123','Calle 123, Bogotá','daniel.herrera@example.com','Daniel','3101234567','danielh'),(83,'Herrera','pass123','Calle 123, Bogotá','daniel.herrera@example.com','Daniel','3101234567','danielh'),(84,'Herrera','pass123','Calle 123, Bogotá','daniel.herrera@example.com','Daniel','3101234567','danielh'),(85,'Herrera','pass123','Calle 123, Bogotá','daniel.herrera@example.com','Daniel','3101234567','danielh'),(86,'Herrera','pass123','Calle 123, Bogotá','daniel.herrera@example.com','Daniel','3101234567','danielh'),(87,'Herrera','pass123','Calle 123, Bogotá','daniel.herrera@example.com','Daniel','3101234567','danielh'),(88,'Herrera','pass123','Calle 123, Bogotá','daniel.herrera@example.com','Daniel','3101234567','danielh'),(89,'Herrera','pass123','Calle 123, Bogotá','daniel.herrera@example.com','Daniel','3101234567','danielh'),(90,'Herrera','pass123','Calle 123, Bogotá','daniel.herrera@example.com','Daniel','3101234567','danielh'),(91,'Herrera','pass123','Calle 123, Bogotá','daniel.herrera@example.com','Daniel','3101234567','danielh'),(92,'Herrera','pass123','Calle 123, Bogotá','daniel.herrera@example.com','Daniel','3101234567','danielh'),(93,'Herrera','pass123','Calle 123, Bogotá','daniel.herrera@example.com','Daniel','3101234567','danielh'),(94,'Herrera','pass123','Calle 123, Bogotá','daniel.herrera@example.com','Daniel','3101234567','danielh'),(95,'Herrera','pass123','Calle 123, Bogotá','daniel.herrera@example.com','Daniel','3101234567','danielh'),(96,'Herrera','pass123','Calle 123, Bogotá','daniel.herrera@example.com','Daniel','3101234567','danielh'),(97,'Herrera','pass123','Calle 123, Bogotá','daniel.herrera@example.com','Daniel','3101234567','danielh'),(98,'Herrera','pass123','Calle 123, Bogotá','daniel.herrera@example.com','Daniel','3101234567','danielh'),(99,'Herrera','pass123','Calle 123, Bogotá','daniel.herrera@example.com','Daniel','3101234567','danielh'),(100,'Herrera','pass123','Calle 123, Bogotá','daniel.herrera@example.com','Daniel','3101234567','danielh'),(101,'Herrera','pass123','Calle 123, Bogotá','daniel.herrera@example.com','Daniel','3101234567','danielh'),(102,'Herrera','pass123','Calle 123, Bogotá','daniel.herrera@example.com','Daniel','3101234567','danielh'),(103,'Herrera','pass123','Calle 123, Bogotá','daniel.herrera@example.com','Daniel','3101234567','danielh'),(104,'Herrera','pass123','Calle 123, Bogotá','daniel.herrera@example.com','Daniel','3101234567','danielh'),(105,'Herrera','pass123','Calle 123, Bogotá','daniel.herrera@example.com','Daniel','3101234567','danielh'),(106,'Herrera','pass123','Calle 123, Bogotá','daniel.herrera@example.com','Daniel','3101234567','danielh'),(107,'Herrera','pass123','Calle 123, Bogotá','daniel.herrera@example.com','Daniel','3101234567','danielh'),(108,'Herrera','pass123','Calle 123, Bogotá','daniel.herrera@example.com','Daniel','3101234567','danielh'),(109,'Herrera','pass123','Calle 123, Bogotá','daniel.herrera@example.com','Daniel','3101234567','danielh'),(110,'Herrera','pass123','Calle 123, Bogotá','daniel.herrera@example.com','Daniel','3101234567','danielh'),(111,'Herrera','pass123','Calle 123, Bogotá','daniel.herrera@example.com','Daniel','3101234567','danielh'),(112,'Herrera','pass123','Calle 123, Bogotá','daniel.herrera@example.com','Daniel','3101234567','danielh'),(113,'Herrera','pass123','Calle 123, Bogotá','daniel.herrera@example.com','Daniel','3101234567','danielh'),(114,'Herrera','pass123','Calle 123, Bogotá','daniel.herrera@example.com','Daniel','3101234567','danielh'),(115,'Herrera','pass123','Calle 123, Bogotá','daniel.herrera@example.com','Daniel','3101234567','danielh'),(116,'Herrera','pass123','Calle 123, Bogotá','daniel.herrera@example.com','Daniel','3101234567','danielh'),(117,'Herrera','pass123','Calle 123, Bogotá','daniel.herrera@example.com','Daniel','3101234567','danielh'),(118,'Herrera','pass123','Calle 123, Bogotá','daniel.herrera@example.com','Daniel','3101234567','danielh'),(119,'Herrera','pass123','Calle 123, Bogotá','daniel.herrera@example.com','Daniel','3101234567','danielh'),(120,'Herrera','pass123','Calle 123, Bogotá','daniel.herrera@example.com','Daniel','3101234567','danielh'),(121,'Herrera','pass123','Calle 123, Bogotá','daniel.herrera@example.com','Daniel','3101234567','danielh'),(122,'Herrera','pass123','Calle 123, Bogotá','daniel.herrera@example.com','Daniel','3101234567','danielh'),(123,'Herrera','pass123','Calle 123, Bogotá','daniel.herrera@example.com','Daniel','3101234567','danielh'),(124,'Herrera','pass123','Calle 123, Bogotá','daniel.herrera@example.com','Daniel','3101234567','danielh'),(125,'Herrera','pass123','Calle 123, Bogotá','daniel.herrera@example.com','Daniel','3101234567','danielh'),(126,'Herrera','pass123','Calle 123, Bogotá','daniel.herrera@example.com','Daniel','3101234567','danielh'),(127,'Herrera','pass123','Calle 123, Bogotá','daniel.herrera@example.com','Daniel','3101234567','danielh'),(128,'Herrera','pass123','Calle 123, Bogotá','daniel.herrera@example.com','Daniel','3101234567','danielh'),(129,'Herrera','pass123','Calle 123, Bogotá','daniel.herrera@example.com','Daniel','3101234567','danielh'),(130,'Herrera','pass123','Calle 123, Bogotá','daniel.herrera@example.com','Daniel','3101234567','danielh'),(131,'Herrera','pass123','Calle 123, Bogotá','daniel.herrera@example.com','Daniel','3101234567','danielh'),(132,'Herrera','pass123','Calle 123, Bogotá','daniel.herrera@example.com','Daniel','3101234567','danielh'),(133,'Herrera','pass123','Calle 123, Bogotá','daniel.herrera@example.com','Daniel','3101234567','danielh'),(134,'Herrera','pass123','Calle 123, Bogotá','daniel.herrera@example.com','Daniel','3101234567','danielh'),(135,'Herrera','pass123','Calle 123, Bogotá','daniel.herrera@example.com','Daniel','3101234567','danielh'),(136,'Herrera','pass123','Calle 123, Bogotá','daniel.herrera@example.com','Daniel','3101234567','danielh'),(137,'Herrera','pass123','Calle 123, Bogotá','daniel.herrera@example.com','Daniel','3101234567','danielh'),(138,'Herrera','pass123','Calle 123, Bogotá','daniel.herrera@example.com','Daniel','3101234567','danielh'),(139,'Herrera','pass123','Calle 123, Bogotá','daniel.herrera@example.com','Daniel','3101234567','danielh'),(140,'Herrera','pass123','Calle 123, Bogotá','daniel.herrera@example.com','Daniel','3101234567','danielh'),(141,'Herrera','pass123','Calle 123, Bogotá','daniel.herrera@example.com','Daniel','3101234567','danielh'),(142,'Herrera','pass123','Calle 123, Bogotá','daniel.herrera@example.com','Daniel','3101234567','danielh'),(143,'Herrera','pass123','Calle 123, Bogotá','daniel.herrera@example.com','Daniel','3101234567','danielh'),(144,'Herrera','pass123','Calle 123, Bogotá','daniel.herrera@example.com','Daniel','3101234567','danielh'),(145,'Herrera','pass123','Calle 123, Bogotá','daniel.herrera@example.com','Daniel','3101234567','danielh'),(146,'Herrera','pass123','Calle 123, Bogotá','daniel.herrera@example.com','Daniel','3101234567','danielh'),(147,'Herrera','pass123','Calle 123, Bogotá','daniel.herrera@example.com','Daniel','3101234567','danielh'),(148,'Herrera','pass123','Calle 123, Bogotá','daniel.herrera@example.com','Daniel','3101234567','danielh'),(149,'Herrera','pass123','Calle 123, Bogotá','daniel.herrera@example.com','Daniel','3101234567','danielh'),(150,'Herrera','pass123','Calle 123, Bogotá','daniel.herrera@example.com','Daniel','3101234567','danielh'),(151,'Herrera','pass123','Calle 123, Bogotá','daniel.herrera@example.com','Daniel','3101234567','danielh'),(152,'Herrera','pass123','Calle 123, Bogotá','daniel.herrera@example.com','Daniel','3101234567','danielh'),(153,'Herrera','pass123','Calle 123, Bogotá','daniel.herrera@example.com','Daniel','3101234567','danielh'),(154,'Herrera','pass123','Calle 123, Bogotá','daniel.herrera@example.com','Daniel','3101234567','danielh'),(155,'Herrera','pass123','Calle 123, Bogotá','daniel.herrera@example.com','Daniel','3101234567','danielh'),(156,'Herrera','pass123','Calle 123, Bogotá','daniel.herrera@example.com','Daniel','3101234567','danielh'),(157,'Herrera','pass123','Calle 123, Bogotá','daniel.herrera@example.com','Daniel','3101234567','danielh'),(158,'Herrera','pass123','Calle 123, Bogotá','daniel.herrera@example.com','Daniel','3101234567','danielh'),(159,'Herrera','pass123','Calle 123, Bogotá','daniel.herrera@example.com','Daniel','3101234567','danielh'),(160,'Herrera','pass123','Calle 123, Bogotá','daniel.herrera@example.com','Daniel','3101234567','danielh'),(161,'Herrera','pass123','Calle 123, Bogotá','daniel.herrera@example.com','Daniel','3101234567','danielh'),(162,'Herrera','pass123','Calle 123, Bogotá','daniel.herrera@example.com','Daniel','3101234567','danielh'),(163,'Herrera','pass123','Calle 123, Bogotá','daniel.herrera@example.com','Daniel','3101234567','danielh'),(164,'Herrera','pass123','Calle 123, Bogotá','daniel.herrera@example.com','Daniel','3101234567','danielh'),(165,'Herrera','pass123','Calle 123, Bogotá','daniel.herrera@example.com','Daniel','3101234567','danielh'),(166,'Herrera','pass123','Calle 123, Bogotá','daniel.herrera@example.com','Daniel','3101234567','danielh'),(167,'Herrera','pass123','Calle 123, Bogotá','daniel.herrera@example.com','Daniel','3101234567','danielh'),(168,'Herrera','pass123','Calle 123, Bogotá','daniel.herrera@example.com','Daniel','3101234567','danielh'),(169,'Herrera','pass123','Calle 123, Bogotá','daniel.herrera@example.com','Daniel','3101234567','danielh'),(170,'Herrera','pass123','Calle 123, Bogotá','daniel.herrera@example.com','Daniel','3101234567','danielh'),(171,'Herrera','pass123','Calle 123, Bogotá','daniel.herrera@example.com','Daniel','3101234567','danielh'),(172,'Herrera','pass123','Calle 123, Bogotá','daniel.herrera@example.com','Daniel','3101234567','danielh'),(173,'Herrera','pass123','Calle 123, Bogotá','daniel.herrera@example.com','Daniel','3101234567','danielh'),(174,'Herrera','pass123','Calle 123, Bogotá','daniel.herrera@example.com','Daniel','3101234567','danielh'),(175,'Herrera','pass123','Calle 123, Bogotá','daniel.herrera@example.com','Daniel','3101234567','danielh'),(176,'Herrera','pass123','Calle 123, Bogotá','daniel.herrera@example.com','Daniel','3101234567','danielh'),(177,'Herrera','pass123','Calle 123, Bogotá','daniel.herrera@example.com','Daniel','3101234567','danielh'),(178,'Herrera','pass123','Calle 123, Bogotá','daniel.herrera@example.com','Daniel','3101234567','danielh'),(179,'Herrera','pass123','Calle 123, Bogotá','daniel.herrera@example.com','Daniel','3101234567','danielh'),(180,'Herrera','pass123','Calle 123, Bogotá','daniel.herrera@example.com','Daniel','3101234567','danielh'),(181,'Herrera','pass123','Calle 123, Bogotá','daniel.herrera@example.com','Daniel','3101234567','danielh'),(182,'Herrera','pass123','Calle 123, Bogotá','daniel.herrera@example.com','Daniel','3101234567','danielh'),(183,'Herrera','pass123','Calle 123, Bogotá','daniel.herrera@example.com','Daniel','3101234567','danielh'),(184,'Herrera','pass123','Calle 123, Bogotá','daniel.herrera@example.com','Daniel','3101234567','danielh'),(185,'Herrera','pass123','Calle 123, Bogotá','daniel.herrera@example.com','Daniel','3101234567','danielh'),(186,'Herrera','pass123','Calle 123, Bogotá','daniel.herrera@example.com','Daniel','3101234567','danielh'),(187,'Herrera','pass123','Calle 123, Bogotá','daniel.herrera@example.com','Daniel','3101234567','danielh'),(188,'Herrera','pass123','Calle 123, Bogotá','daniel.herrera@example.com','Daniel','3101234567','danielh'),(189,'Herrera','pass123','Calle 123, Bogotá','daniel.herrera@example.com','Daniel','3101234567','danielh'),(190,'Herrera','pass123','Calle 123, Bogotá','daniel.herrera@example.com','Daniel','3101234567','danielh'),(191,'Herrera','pass123','Calle 123, Bogotá','daniel.herrera@example.com','Daniel','3101234567','danielh'),(192,'Herrera','pass123','Calle 123, Bogotá','daniel.herrera@example.com','Daniel','3101234567','danielh'),(193,'Herrera','pass123','Calle 123, Bogotá','daniel.herrera@example.com','Daniel','3101234567','danielh'),(194,'Herrera','pass123','Calle 123, Bogotá','daniel.herrera@example.com','Daniel','3101234567','danielh'),(195,'Herrera','pass123','Calle 123, Bogotá','daniel.herrera@example.com','Daniel','3101234567','danielh'),(196,'Herrera','pass123','Calle 123, Bogotá','daniel.herrera@example.com','Daniel','3101234567','danielh'),(197,'Herrera','pass123','Calle 123, Bogotá','daniel.herrera@example.com','Daniel','3101234567','danielh'),(198,'Herrera','pass123','Calle 123, Bogotá','daniel.herrera@example.com','Daniel','3101234567','danielh'),(199,'Herrera','pass123','Calle 123, Bogotá','daniel.herrera@example.com','Daniel','3101234567','danielh'),(200,'Herrera','pass123','Calle 123, Bogotá','daniel.herrera@example.com','Daniel','3101234567','danielh'),(201,'Herrera','pass123','Calle 123, Bogotá','daniel.herrera@example.com','Daniel','3101234567','danielh'),(202,'Herrera','pass123','Calle 123, Bogotá','daniel.herrera@example.com','Daniel','3101234567','danielh'),(203,'Herrera','pass123','Calle 123, Bogotá','daniel.herrera@example.com','Daniel','3101234567','danielh'),(204,'Herrera','pass123','Calle 123, Bogotá','daniel.herrera@example.com','Daniel','3101234567','danielh'),(205,'Herrera','pass123','Calle 123, Bogotá','daniel.herrera@example.com','Daniel','3101234567','danielh'),(206,'Herrera','pass123','Calle 123, Bogotá','daniel.herrera@example.com','Daniel','3101234567','danielh'),(207,'Herrera','pass123','Calle 123, Bogotá','daniel.herrera@example.com','Daniel','3101234567','danielh'),(208,'Herrera','pass123','Calle 123, Bogotá','daniel.herrera@example.com','Daniel','3101234567','danielh'),(209,'Herrera','pass123','Calle 123, Bogotá','daniel.herrera@example.com','Daniel','3101234567','danielh'),(210,'Herrera','pass123','Calle 123, Bogotá','daniel.herrera@example.com','Daniel','3101234567','danielh'),(211,'Herrera','pass123','Calle 123, Bogotá','daniel.herrera@example.com','Daniel','3101234567','danielh'),(212,'Herrera','pass123','Calle 123, Bogotá','daniel.herrera@example.com','Daniel','3101234567','danielh'),(213,'Herrera','pass123','Calle 123, Bogotá','daniel.herrera@example.com','Daniel','3101234567','danielh'),(214,'Herrera','pass123','Calle 123, Bogotá','daniel.herrera@example.com','Daniel','3101234567','danielh'),(215,'Herrera','pass123','Calle 123, Bogotá','daniel.herrera@example.com','Daniel','3101234567','danielh'),(216,'Herrera','pass123','Calle 123, Bogotá','daniel.herrera@example.com','Daniel','3101234567','danielh'),(217,'Herrera','pass123','Calle 123, Bogotá','daniel.herrera@example.com','Daniel','3101234567','danielh'),(218,'Herrera','pass123','Calle 123, Bogotá','daniel.herrera@example.com','Daniel','3101234567','danielh'),(219,'Herrera','pass123','Calle 123, Bogotá','daniel.herrera@example.com','Daniel','3101234567','danielh'),(220,'Herrera','pass123','Calle 123, Bogotá','daniel.herrera@example.com','Daniel','3101234567','danielh'),(221,'Herrera','pass123','Calle 123, Bogotá','daniel.herrera@example.com','Daniel','3101234567','danielh'),(222,'Herrera','pass123','Calle 123, Bogotá','daniel.herrera@example.com','Daniel','3101234567','danielh'),(223,'Herrera','pass123','Calle 123, Bogotá','daniel.herrera@example.com','Daniel','3101234567','danielh'),(224,'Herrera','pass123','Calle 123, Bogotá','daniel.herrera@example.com','Daniel','3101234567','danielh'),(225,'Herrera','pass123','Calle 123, Bogotá','daniel.herrera@example.com','Daniel','3101234567','danielh'),(226,'Herrera','pass123','Calle 123, Bogotá','daniel.herrera@example.com','Daniel','3101234567','danielh'),(227,'Herrera','pass123','Calle 123, Bogotá','daniel.herrera@example.com','Daniel','3101234567','danielh'),(228,'Herrera','pass123','Calle 123, Bogotá','daniel.herrera@example.com','Daniel','3101234567','danielh'),(229,'Herrera','pass123','Calle 123, Bogotá','daniel.herrera@example.com','Daniel','3101234567','danielh'),(230,'Herrera','pass123','Calle 123, Bogotá','daniel.herrera@example.com','Daniel','3101234567','danielh'),(231,'Herrera','pass123','Calle 123, Bogotá','daniel.herrera@example.com','Daniel','3101234567','danielh'),(232,'Herrera','pass123','Calle 123, Bogotá','daniel.herrera@example.com','Daniel','3101234567','danielh'),(233,'Herrera','pass123','Calle 123, Bogotá','daniel.herrera@example.com','Daniel','3101234567','danielh'),(234,'Herrera','pass123','Calle 123, Bogotá','daniel.herrera@example.com','Daniel','3101234567','danielh'),(235,'Herrera','pass123','Calle 123, Bogotá','daniel.herrera@example.com','Daniel','3101234567','danielh'),(236,'Herrera','pass123','Calle 123, Bogotá','daniel.herrera@example.com','Daniel','3101234567','danielh'),(237,'Herrera','pass123','Calle 123, Bogotá','daniel.herrera@example.com','Daniel','3101234567','danielh'),(238,'Herrera','pass123','Calle 123, Bogotá','daniel.herrera@example.com','Daniel','3101234567','danielh'),(239,'Herrera','pass123','Calle 123, Bogotá','daniel.herrera@example.com','Daniel','3101234567','danielh'),(240,'Herrera','pass123','Calle 123, Bogotá','daniel.herrera@example.com','Daniel','3101234567','danielh'),(241,'Herrera','pass123','Calle 123, Bogotá','daniel.herrera@example.com','Daniel','3101234567','danielh'),(242,'Herrera','pass123','Calle 123, Bogotá','daniel.herrera@example.com','Daniel','3101234567','danielh'),(243,'Herrera','pass123','Calle 123, Bogotá','daniel.herrera@example.com','Daniel','3101234567','danielh'),(244,'Herrera','pass123','Calle 123, Bogotá','daniel.herrera@example.com','Daniel','3101234567','danielh'),(245,'Herrera','pass123','Calle 123, Bogotá','daniel.herrera@example.com','Daniel','3101234567','danielh'),(246,'Herrera','pass123','Calle 123, Bogotá','daniel.herrera@example.com','Daniel','3101234567','danielh'),(247,'Herrera','pass123','Calle 123, Bogotá','daniel.herrera@example.com','Daniel','3101234567','danielh'),(248,'Herrera','pass123','Calle 123, Bogotá','daniel.herrera@example.com','Daniel','3101234567','danielh'),(249,'Herrera','pass123','Calle 123, Bogotá','daniel.herrera@example.com','Daniel','3101234567','danielh'),(250,'Herrera','pass123','Calle 123, Bogotá','daniel.herrera@example.com','Daniel','3101234567','danielh'),(251,'Herrera','pass123','Calle 123, Bogotá','daniel.herrera@example.com','Daniel','3101234567','danielh'),(252,'Herrera','pass123','Calle 123, Bogotá','daniel.herrera@example.com','Daniel','3101234567','danielh'),(253,'Herrera','pass123','Calle 123, Bogotá','daniel.herrera@example.com','Daniel','3101234567','danielh'),(254,'Herrera','pass123','Calle 123, Bogotá','daniel.herrera@example.com','Daniel','3101234567','danielh'),(255,'Herrera','pass123','Calle 123, Bogotá','daniel.herrera@example.com','Daniel','3101234567','danielh'),(256,'Herrera','pass123','Calle 123, Bogotá','daniel.herrera@example.com','Daniel','3101234567','danielh'),(257,'Herrera','pass123','Calle 123, Bogotá','daniel.herrera@example.com','Daniel','3101234567','danielh'),(258,'Herrera','pass123','Calle 123, Bogotá','daniel.herrera@example.com','Daniel','3101234567','danielh'),(259,'Herrera','pass123','Calle 123, Bogotá','daniel.herrera@example.com','Daniel','3101234567','danielh'),(260,'Herrera','pass123','Calle 123, Bogotá','daniel.herrera@example.com','Daniel','3101234567','danielh'),(261,'Herrera','pass123','Calle 123, Bogotá','daniel.herrera@example.com','Daniel','3101234567','danielh'),(262,'Herrera','pass123','Calle 123, Bogotá','daniel.herrera@example.com','Daniel','3101234567','danielh'),(263,'Herrera','pass123','Calle 123, Bogotá','daniel.herrera@example.com','Daniel','3101234567','danielh'),(264,'Herrera','pass123','Calle 123, Bogotá','daniel.herrera@example.com','Daniel','3101234567','danielh'),(265,'Herrera','pass123','Calle 123, Bogotá','daniel.herrera@example.com','Daniel','3101234567','danielh'),(266,'Herrera','pass123','Calle 123, Bogotá','daniel.herrera@example.com','Daniel','3101234567','danielh'),(267,'Herrera','pass123','Calle 123, Bogotá','daniel.herrera@example.com','Daniel','3101234567','danielh'),(268,'Herrera','pass123','Calle 123, Bogotá','daniel.herrera@example.com','Daniel','3101234567','danielh'),(269,'Herrera','pass123','Calle 123, Bogotá','daniel.herrera@example.com','Daniel','3101234567','danielh'),(270,'Herrera','pass123','Calle 123, Bogotá','daniel.herrera@example.com','Daniel','3101234567','danielh'),(271,'Herrera','pass123','Calle 123, Bogotá','daniel.herrera@example.com','Daniel','3101234567','danielh'),(272,'Herrera','pass123','Calle 123, Bogotá','daniel.herrera@example.com','Daniel','3101234567','danielh'),(273,'Herrera','pass123','Calle 123, Bogotá','daniel.herrera@example.com','Daniel','3101234567','danielh'),(274,'Herrera','pass123','Calle 123, Bogotá','daniel.herrera@example.com','Daniel','3101234567','danielh'),(275,'Herrera','pass123','Calle 123, Bogotá','daniel.herrera@example.com','Daniel','3101234567','danielh'),(276,'Herrera','pass123','Calle 123, Bogotá','daniel.herrera@example.com','Daniel','3101234567','danielh'),(277,'Herrera','pass123','Calle 123, Bogotá','daniel.herrera@example.com','Daniel','3101234567','danielh'),(278,'Herrera','pass123','Calle 123, Bogotá','daniel.herrera@example.com','Daniel','3101234567','danielh'),(279,'Herrera','pass123','Calle 123, Bogotá','daniel.herrera@example.com','Daniel','3101234567','danielh'),(280,'Herrera','pass123','Calle 123, Bogotá','daniel.herrera@example.com','Daniel','3101234567','danielh'),(281,'Herrera','pass123','Calle 123, Bogotá','daniel.herrera@example.com','Daniel','3101234567','danielh'),(282,'Herrera','pass123','Calle 123, Bogotá','daniel.herrera@example.com','Daniel','3101234567','danielh'),(283,'Herrera','pass123','Calle 123, Bogotá','daniel.herrera@example.com','Daniel','3101234567','danielh'),(284,'Herrera','pass123','Calle 123, Bogotá','daniel.herrera@example.com','Daniel','3101234567','danielh'),(285,'Herrera','pass123','Calle 123, Bogotá','daniel.herrera@example.com','Daniel','3101234567','danielh'),(286,'Herrera','pass123','Calle 123, Bogotá','daniel.herrera@example.com','Daniel','3101234567','danielh'),(287,'Herrera','pass123','Calle 123, Bogotá','daniel.herrera@example.com','Daniel','3101234567','danielh'),(288,'Herrera','pass123','Calle 123, Bogotá','daniel.herrera@example.com','Daniel','3101234567','danielh'),(289,'Herrera','pass123','Calle 123, Bogotá','daniel.herrera@example.com','Daniel','3101234567','danielh'),(290,'Herrera','pass123','Calle 123, Bogotá','daniel.herrera@example.com','Daniel','3101234567','danielh'),(291,'Herrera','pass123','Calle 123, Bogotá','daniel.herrera@example.com','Daniel','3101234567','danielh'),(292,'Herrera','pass123','Calle 123, Bogotá','daniel.herrera@example.com','Daniel','3101234567','danielh'),(293,'Herrera','pass123','Calle 123, Bogotá','daniel.herrera@example.com','Daniel','3101234567','danielh'),(294,'Herrera','pass123','Calle 123, Bogotá','daniel.herrera@example.com','Daniel','3101234567','danielh'),(295,'Herrera','pass123','Calle 123, Bogotá','daniel.herrera@example.com','Daniel','3101234567','danielh'),(296,'Herrera','pass123','Calle 123, Bogotá','daniel.herrera@example.com','Daniel','3101234567','danielh'),(297,'Herrera','pass123','Calle 123, Bogotá','daniel.herrera@example.com','Daniel','3101234567','danielh'),(298,'Herrera','pass123','Calle 123, Bogotá','daniel.herrera@example.com','Daniel','3101234567','danielh'),(299,'Herrera','pass123','Calle 123, Bogotá','daniel.herrera@example.com','Daniel','3101234567','danielh'),(300,'Herrera','pass123','Calle 123, Bogotá','daniel.herrera@example.com','Daniel','3101234567','danielh');
/*!40000 ALTER TABLE `usuario` ENABLE KEYS */;
UNLOCK TABLES;
/*!40103 SET TIME_ZONE=@OLD_TIME_ZONE */;

/*!40101 SET SQL_MODE=@OLD_SQL_MODE */;
/*!40014 SET FOREIGN_KEY_CHECKS=@OLD_FOREIGN_KEY_CHECKS */;
/*!40014 SET UNIQUE_CHECKS=@OLD_UNIQUE_CHECKS */;
/*!40101 SET CHARACTER_SET_CLIENT=@OLD_CHARACTER_SET_CLIENT */;
/*!40101 SET CHARACTER_SET_RESULTS=@OLD_CHARACTER_SET_RESULTS */;
/*!40101 SET COLLATION_CONNECTION=@OLD_COLLATION_CONNECTION */;
/*!40111 SET SQL_NOTES=@OLD_SQL_NOTES */;

-- Dump completed on 2024-09-26 19:49:49
